2006-03-01T00:00:30.000Z,      -82.753403,       173.69000
2006-03-01T00:01:30.000Z,      -82.753403,       173.69000
2006-03-01T00:02:30.000Z,      -82.753403,       173.68900
2006-03-01T00:03:30.000Z,      -82.753403,       173.68800
2006-03-01T00:04:30.000Z,      -82.753403,       173.68700
2006-03-01T00:05:30.000Z,      -82.753403,       173.68700
2006-03-01T00:06:30.000Z,      -82.753403,       173.68600
2006-03-01T00:07:30.000Z,      -82.753403,       173.68500
2006-03-01T00:08:30.000Z,      -82.753403,       173.68500
2006-03-01T00:09:30.000Z,      -82.753403,       173.68401
2006-03-01T00:10:30.000Z,      -82.753403,       173.68300
2006-03-01T00:11:30.000Z,      -82.753403,       173.68300
2006-03-01T00:12:30.000Z,      -82.753403,       173.68201
2006-03-01T00:13:30.000Z,      -82.753403,       173.68100
2006-03-01T00:14:30.000Z,      -82.753403,       173.68100
2006-03-01T00:15:30.000Z,      -82.753403,       173.67999
2006-03-01T00:16:30.000Z,      -82.753403,       173.67900
2006-03-01T00:17:30.000Z,      -82.753403,       173.67799
2006-03-01T00:18:30.000Z,      -82.753403,       173.67799
2006-03-01T00:19:30.000Z,      -82.753403,       173.67700
2006-03-01T00:20:30.000Z,      -82.753403,       173.67599
2006-03-01T00:21:30.000Z,      -82.753403,       173.67599
2006-03-01T00:22:30.000Z,      -82.753403,       173.67500
2006-03-01T00:23:30.000Z,      -82.753403,       173.67400
2006-03-01T00:24:30.000Z,      -82.753403,       173.67400
2006-03-01T00:25:30.000Z,      -82.753403,       173.67300
2006-03-01T00:26:30.000Z,      -82.753403,       173.67200
2006-03-01T00:27:30.000Z,      -82.753403,       173.67101
2006-03-01T00:28:30.000Z,      -82.753403,       173.67101
2006-03-01T00:29:30.000Z,      -82.753403,       173.67000
2006-03-01T00:30:30.000Z,      -82.753403,       173.66901
2006-03-01T00:31:30.000Z,      -82.753403,       173.66901
2006-03-01T00:32:30.000Z,      -82.753403,       173.66800
2006-03-01T00:33:30.000Z,      -82.753403,       173.66701
2006-03-01T00:34:30.000Z,      -82.753403,       173.66701
2006-03-01T00:35:30.000Z,      -82.753403,       173.66600
2006-03-01T00:36:30.000Z,      -82.753403,       173.66499
2006-03-01T00:37:30.000Z,      -82.753403,       173.66400
2006-03-01T00:38:30.000Z,      -82.753403,       173.66400
2006-03-01T00:39:30.000Z,      -82.753403,       173.66299
2006-03-01T00:40:30.000Z,      -82.753403,       173.66200
2006-03-01T00:41:30.000Z,      -82.753403,       173.66200
2006-03-01T00:42:30.000Z,      -82.753403,       173.66100
2006-03-01T00:43:30.000Z,      -82.753403,       173.66000
2006-03-01T00:44:30.000Z,      -82.753403,       173.66000
2006-03-01T00:45:30.000Z,      -82.753403,       173.65900
2006-03-01T00:46:30.000Z,      -82.753403,       173.65800
2006-03-01T00:47:30.000Z,      -82.753403,       173.65800
2006-03-01T00:48:30.000Z,      -82.753403,       173.65700
2006-03-01T00:49:30.000Z,      -82.753403,       173.65601
2006-03-01T00:50:30.000Z,      -82.753403,       173.65500
2006-03-01T00:51:30.000Z,      -82.753403,       173.65500
2006-03-01T00:52:30.000Z,      -82.753403,       173.65401
2006-03-01T00:53:30.000Z,      -82.753403,       173.65300
2006-03-01T00:54:30.000Z,      -82.753403,       173.65300
2006-03-01T00:55:30.000Z,      -82.753403,       173.65199
2006-03-01T00:56:30.000Z,      -82.753403,       173.65100
2006-03-01T00:57:30.000Z,      -82.753403,       173.65100
2006-03-01T00:58:30.000Z,      -82.753403,       173.64999
2006-03-01T00:59:30.000Z,      -82.753403,       173.64900
2006-03-01T01:00:30.000Z,      -82.753403,       173.64799
2006-03-01T01:01:30.000Z,      -82.753403,       173.64799
2006-03-01T01:02:30.000Z,      -82.753403,       173.64700
2006-03-01T01:03:30.000Z,      -82.753403,       173.64600
2006-03-01T01:04:30.000Z,      -82.753403,       173.64600
2006-03-01T01:05:30.000Z,      -82.753403,       173.64500
2006-03-01T01:06:30.000Z,      -82.753403,       173.64400
2006-03-01T01:07:30.000Z,      -82.753403,       173.64400
2006-03-01T01:08:30.000Z,      -82.753403,       173.64301
2006-03-01T01:09:30.000Z,      -82.753403,       173.64200
2006-03-01T01:10:30.000Z,      -82.753403,       173.64101
2006-03-01T01:11:30.000Z,      -82.753403,       173.64101
2006-03-01T01:12:30.000Z,      -82.753403,       173.64000
2006-03-01T01:13:30.000Z,      -82.753403,       173.63901
2006-03-01T01:14:30.000Z,      -82.753403,       173.63901
2006-03-01T01:15:30.000Z,      -82.753403,       173.63800
2006-03-01T01:16:30.000Z,      -82.753403,       173.63699
2006-03-01T01:17:30.000Z,      -82.753403,       173.63699
2006-03-01T01:18:30.000Z,      -82.753403,       173.63600
2006-03-01T01:19:30.000Z,      -82.753403,       173.63499
2006-03-01T01:20:30.000Z,      -82.753403,       173.63400
2006-03-01T01:21:30.000Z,      -82.753403,       173.63400
2006-03-01T01:22:30.000Z,      -82.753403,       173.63300
2006-03-01T01:23:30.000Z,      -82.753403,       173.63200
2006-03-01T01:24:30.000Z,      -82.753403,       173.63200
2006-03-01T01:25:30.000Z,      -82.753403,       173.63100
2006-03-01T01:26:30.000Z,      -82.753403,       173.63000
2006-03-01T01:27:30.000Z,      -82.753403,       173.63000
2006-03-01T01:28:30.000Z,      -82.753403,       173.62900
2006-03-01T01:29:30.000Z,      -82.753403,       173.62801
2006-03-01T01:30:30.000Z,      -82.753403,       173.62801
2006-03-01T01:31:30.000Z,      -82.753403,       173.62700
2006-03-01T01:32:30.000Z,      -82.753403,       173.62601
2006-03-01T01:33:30.000Z,      -82.753403,       173.62500
2006-03-01T01:34:30.000Z,      -82.753403,       173.62500
2006-03-01T01:35:30.000Z,      -82.753403,       173.62399
2006-03-01T01:36:30.000Z,      -82.753403,       173.62300
2006-03-01T01:37:30.000Z,      -82.753403,       173.62300
2006-03-01T01:38:30.000Z,      -82.753403,       173.62199
2006-03-01T01:39:30.000Z,      -82.753403,       173.62100
2006-03-01T01:40:30.000Z,      -82.753403,       173.62100
2006-03-01T01:41:30.000Z,      -82.753403,       173.62000
2006-03-01T01:42:30.000Z,      -82.753403,       173.61900
2006-03-01T01:43:30.000Z,      -82.753403,       173.61800
2006-03-01T01:44:30.000Z,      -82.753403,       173.61800
2006-03-01T01:45:30.000Z,      -82.753403,       173.61700
2006-03-01T01:46:30.000Z,      -82.753403,       173.61600
2006-03-01T01:47:30.000Z,      -82.753403,       173.61600
2006-03-01T01:48:30.000Z,      -82.753403,       173.61501
2006-03-01T01:49:30.000Z,      -82.753403,       173.61400
2006-03-01T01:50:30.000Z,      -82.753403,       173.61400
2006-03-01T01:51:30.000Z,      -82.753403,       173.61301
2006-03-01T01:52:30.000Z,      -82.753403,       173.61200
2006-03-01T01:53:30.000Z,      -82.753403,       173.61099
2006-03-01T01:54:30.000Z,      -82.753403,       173.61099
2006-03-01T01:55:30.000Z,      -82.753403,       173.61000
2006-03-01T01:56:30.000Z,      -82.753403,       173.60899
2006-03-01T01:57:30.000Z,      -82.753403,       173.60899
2006-03-01T01:58:30.000Z,      -82.753403,       173.60800
2006-03-01T01:59:30.000Z,      -82.753403,       173.60699
2006-03-01T02:00:30.000Z,      -82.753403,       173.60699
2006-03-01T02:01:30.000Z,      -82.753403,       173.60600
2006-03-01T02:02:30.000Z,      -82.753403,       173.60500
2006-03-01T02:03:30.000Z,      -82.753403,       173.60500
2006-03-01T02:04:30.000Z,      -82.753403,       173.60400
2006-03-01T02:05:30.000Z,      -82.753403,       173.60300
2006-03-01T02:06:30.000Z,      -82.753403,       173.60201
2006-03-01T02:07:30.000Z,      -82.753403,       173.60201
2006-03-01T02:08:30.000Z,      -82.753403,       173.60100
2006-03-01T02:09:30.000Z,      -82.753403,       173.60001
2006-03-01T02:10:30.000Z,      -82.753403,       173.60001
2006-03-01T02:11:30.000Z,      -82.753403,       173.59900
2006-03-01T02:12:30.000Z,      -82.753403,       173.59801
2006-03-01T02:13:30.000Z,      -82.753403,       173.59801
2006-03-01T02:14:30.000Z,      -82.753403,       173.59700
2006-03-01T02:15:30.000Z,      -82.753403,       173.59599
2006-03-01T02:16:30.000Z,      -82.753403,       173.59500
2006-03-01T02:17:30.000Z,      -82.753403,       173.59500
2006-03-01T02:18:30.000Z,      -82.753403,       173.59399
2006-03-01T02:19:30.000Z,      -82.753403,       173.59300
2006-03-01T02:20:30.000Z,      -82.753403,       173.59300
2006-03-01T02:21:30.000Z,      -82.753403,       173.59200
2006-03-01T02:22:30.000Z,      -82.753403,       173.59100
2006-03-01T02:23:30.000Z,      -82.753403,       173.59100
2006-03-01T02:24:30.000Z,      -82.753403,       173.59000
2006-03-01T02:25:30.000Z,      -82.753403,       173.58900
2006-03-01T02:26:30.000Z,      -82.753403,       173.58800
2006-03-01T02:27:30.000Z,      -82.753403,       173.58800
2006-03-01T02:28:30.000Z,      -82.753403,       173.58701
2006-03-01T02:29:30.000Z,      -82.753403,       173.58600
2006-03-01T02:30:30.000Z,      -82.753403,       173.58600
2006-03-01T02:31:30.000Z,      -82.753403,       173.58501
2006-03-01T02:32:30.000Z,      -82.753403,       173.58400
2006-03-01T02:33:30.000Z,      -82.753403,       173.58400
2006-03-01T02:34:30.000Z,      -82.753403,       173.58299
2006-03-01T02:35:30.000Z,      -82.753403,       173.58200
2006-03-01T02:36:30.000Z,      -82.753403,       173.58099
2006-03-01T02:37:30.000Z,      -82.753403,       173.58099
2006-03-01T02:38:30.000Z,      -82.753403,       173.58000
2006-03-01T02:39:30.000Z,      -82.753403,       173.57899
2006-03-01T02:40:30.000Z,      -82.753403,       173.57899
2006-03-01T02:41:30.000Z,      -82.753403,       173.57800
2006-03-01T02:42:30.000Z,      -82.753403,       173.57700
2006-03-01T02:43:30.000Z,      -82.753403,       173.57700
2006-03-01T02:44:30.000Z,      -82.753403,       173.57600
2006-03-01T02:45:30.000Z,      -82.753403,       173.57500
2006-03-01T02:46:30.000Z,      -82.753403,       173.57500
2006-03-01T02:47:30.000Z,      -82.753403,       173.57401
2006-03-01T02:48:30.000Z,      -82.753403,       173.57300
2006-03-01T02:49:30.000Z,      -82.753403,       173.57201
2006-03-01T02:50:30.000Z,      -82.753403,       173.57201
2006-03-01T02:51:30.000Z,      -82.753403,       173.57100
2006-03-01T02:52:30.000Z,      -82.753403,       173.57001
2006-03-01T02:53:30.000Z,      -82.753403,       173.57001
2006-03-01T02:54:30.000Z,      -82.753403,       173.56900
2006-03-01T02:55:30.000Z,      -82.753403,       173.56799
2006-03-01T02:56:30.000Z,      -82.753403,       173.56799
2006-03-01T02:57:30.000Z,      -82.753403,       173.56700
2006-03-01T02:58:30.000Z,      -82.753403,       173.56599
2006-03-01T02:59:30.000Z,      -82.753403,       173.56500
2006-03-01T03:00:30.000Z,      -82.753403,       173.56500
2006-03-01T03:01:30.000Z,      -82.753403,       173.56400
2006-03-01T03:02:30.000Z,      -82.753403,       173.56300
2006-03-01T03:03:30.000Z,      -82.753403,       173.56300
2006-03-01T03:04:30.000Z,      -82.753403,       173.56200
2006-03-01T03:05:30.000Z,      -82.753403,       173.56100
2006-03-01T03:06:30.000Z,      -82.753403,       173.56100
2006-03-01T03:07:30.000Z,      -82.753403,       173.56000
2006-03-01T03:08:30.000Z,      -82.753403,       173.55901
2006-03-01T03:09:30.000Z,      -82.753403,       173.55901
2006-03-01T03:10:30.000Z,      -82.753403,       173.55800
2006-03-01T03:11:30.000Z,      -82.753403,       173.55701
2006-03-01T03:12:30.000Z,      -82.753403,       173.55600
2006-03-01T03:13:30.000Z,      -82.753403,       173.55600
2006-03-01T03:14:30.000Z,      -82.753403,       173.55499
2006-03-01T03:15:30.000Z,      -82.753403,       173.55400
2006-03-01T03:16:30.000Z,      -82.753403,       173.55400
2006-03-01T03:17:30.000Z,      -82.753403,       173.55299
2006-03-01T03:18:30.000Z,      -82.753403,       173.55200
2006-03-01T03:19:30.000Z,      -82.753403,       173.55200
2006-03-01T03:20:30.000Z,      -82.753403,       173.55099
2006-03-01T03:21:30.000Z,      -82.753403,       173.55000
2006-03-01T03:22:30.000Z,      -82.753403,       173.54900
2006-03-01T03:23:30.000Z,      -82.753403,       173.54900
2006-03-01T03:24:30.000Z,      -82.753403,       173.54800
2006-03-01T03:25:30.000Z,      -82.753403,       173.54700
2006-03-01T03:26:30.000Z,      -82.753403,       173.54700
2006-03-01T03:27:30.000Z,      -82.753403,       173.54601
2006-03-01T03:28:30.000Z,      -82.753403,       173.54500
2006-03-01T03:29:30.000Z,      -82.753403,       173.54500
2006-03-01T03:30:30.000Z,      -82.753403,       173.54401
2006-03-01T03:31:30.000Z,      -82.753403,       173.54300
2006-03-01T03:32:30.000Z,      -82.753403,       173.54201
2006-03-01T03:33:30.000Z,      -82.753403,       173.54201
2006-03-01T03:34:30.000Z,      -82.753403,       173.54100
2006-03-01T03:35:30.000Z,      -82.753403,       173.53999
2006-03-01T03:36:30.000Z,      -82.753403,       173.53999
2006-03-01T03:37:30.000Z,      -82.753403,       173.53900
2006-03-01T03:38:30.000Z,      -82.753403,       173.53799
2006-03-01T03:39:30.000Z,      -82.753403,       173.53799
2006-03-01T03:40:30.000Z,      -82.753403,       173.53700
2006-03-01T03:41:30.000Z,      -82.753403,       173.53600
2006-03-01T03:42:30.000Z,      -82.753403,       173.53500
2006-03-01T03:43:30.000Z,      -82.753403,       173.53500
2006-03-01T03:44:30.000Z,      -82.753403,       173.53400
2006-03-01T03:45:30.000Z,      -82.753403,       173.53300
2006-03-01T03:46:30.000Z,      -82.753403,       173.53300
2006-03-01T03:47:30.000Z,      -82.753403,       173.53200
2006-03-01T03:48:30.000Z,      -82.753403,       173.53101
2006-03-01T03:49:30.000Z,      -82.753403,       173.53101
2006-03-01T03:50:30.000Z,      -82.753403,       173.53000
2006-03-01T03:51:30.000Z,      -82.753403,       173.52901
2006-03-01T03:52:30.000Z,      -82.753403,       173.52901
2006-03-01T03:53:30.000Z,      -82.753403,       173.52800
2006-03-01T03:54:30.000Z,      -82.753403,       173.52699
2006-03-01T03:55:30.000Z,      -82.753403,       173.52600
2006-03-01T03:56:30.000Z,      -82.753403,       173.52600
2006-03-01T03:57:30.000Z,      -82.753403,       173.52499
2006-03-01T03:58:30.000Z,      -82.753403,       173.52400
2006-03-01T03:59:30.000Z,      -82.753403,       173.52400
2006-03-01T04:00:30.000Z,      -82.753403,       173.52299
2006-03-01T04:01:30.000Z,      -82.753403,       173.52200
2006-03-01T04:02:30.000Z,      -82.753403,       173.52200
2006-03-01T04:03:30.000Z,      -82.753403,       173.52100
2006-03-01T04:04:30.000Z,      -82.753403,       173.52000
2006-03-01T04:05:30.000Z,      -82.753403,       173.51900
2006-03-01T04:06:30.000Z,      -82.753403,       173.51900
2006-03-01T04:07:30.000Z,      -82.753403,       173.51801
2006-03-01T04:08:30.000Z,      -82.753403,       173.51700
2006-03-01T04:09:30.000Z,      -82.753403,       173.51700
2006-03-01T04:10:30.000Z,      -82.753403,       173.51601
2006-03-01T04:11:30.000Z,      -82.753403,       173.51500
2006-03-01T04:12:30.000Z,      -82.753403,       173.51500
2006-03-01T04:13:30.000Z,      -82.753403,       173.51401
2006-03-01T04:14:30.000Z,      -82.753403,       173.51300
2006-03-01T04:15:30.000Z,      -82.753403,       173.51199
2006-03-01T04:16:30.000Z,      -82.753403,       173.51199
2006-03-01T04:17:30.000Z,      -82.753403,       173.51100
2006-03-01T04:18:30.000Z,      -82.753403,       173.50999
2006-03-01T04:19:30.000Z,      -82.753403,       173.50999
2006-03-01T04:20:30.000Z,      -82.753403,       173.50900
2006-03-01T04:21:30.000Z,      -82.753403,       173.50800
2006-03-01T04:22:30.000Z,      -82.753403,       173.50800
2006-03-01T04:23:30.000Z,      -82.753403,       173.50700
2006-03-01T04:24:30.000Z,      -82.753403,       173.50600
2006-03-01T04:25:30.000Z,      -82.753403,       173.50600
2006-03-01T04:26:30.000Z,      -82.753403,       173.50500
2006-03-01T04:27:30.000Z,      -82.753403,       173.50400
2006-03-01T04:28:30.000Z,      -82.753403,       173.50301
2006-03-01T04:29:30.000Z,      -82.753403,       173.50301
2006-03-01T04:30:30.000Z,      -82.753403,       173.50200
2006-03-01T04:31:30.000Z,      -82.753403,       173.50101
2006-03-01T04:32:30.000Z,      -82.753403,       173.50101
2006-03-01T04:33:30.000Z,      -82.753403,       173.50000
2006-03-01T04:34:30.000Z,      -82.753403,       173.49899
2006-03-01T04:35:30.000Z,      -82.753403,       173.49899
2006-03-01T04:36:30.000Z,      -82.753403,       173.49800
2006-03-01T04:37:30.000Z,      -82.753403,       173.49699
2006-03-01T04:38:30.000Z,      -82.753403,       173.49600
2006-03-01T04:39:30.000Z,      -82.753403,       173.49600
2006-03-01T04:40:30.000Z,      -82.753403,       173.49500
2006-03-01T04:41:30.000Z,      -82.753403,       173.49400
2006-03-01T04:42:30.000Z,      -82.753403,       173.49400
2006-03-01T04:43:30.000Z,      -82.753403,       173.49300
2006-03-01T04:44:30.000Z,      -82.753403,       173.49200
2006-03-01T04:45:30.000Z,      -82.753403,       173.49200
2006-03-01T04:46:30.000Z,      -82.753403,       173.49100
2006-03-01T04:47:30.000Z,      -82.753403,       173.49001
2006-03-01T04:48:30.000Z,      -82.753403,       173.48900
2006-03-01T04:49:30.000Z,      -82.753403,       173.48900
2006-03-01T04:50:30.000Z,      -82.753403,       173.48801
2006-03-01T04:51:30.000Z,      -82.753403,       173.48700
2006-03-01T04:52:30.000Z,      -82.753403,       173.48700
2006-03-01T04:53:30.000Z,      -82.753403,       173.48599
2006-03-01T04:54:30.000Z,      -82.753403,       173.48500
2006-03-01T04:55:30.000Z,      -82.753403,       173.48500
2006-03-01T04:56:30.000Z,      -82.753403,       173.48399
2006-03-01T04:57:30.000Z,      -82.753403,       173.48300
2006-03-01T04:58:30.000Z,      -82.753403,       173.48300
2006-03-01T04:59:30.000Z,      -82.753403,       173.48199
2006-03-01T05:00:30.000Z,      -82.753403,       173.48100
2006-03-01T05:01:30.000Z,      -82.753403,       173.48000
2006-03-01T05:02:30.000Z,      -82.753403,       173.48000
2006-03-01T05:03:30.000Z,      -82.753403,       173.47900
2006-03-01T05:04:30.000Z,      -82.753403,       173.47800
2006-03-01T05:05:30.000Z,      -82.753403,       173.47800
2006-03-01T05:06:30.000Z,      -82.753403,       173.47701
2006-03-01T05:07:30.000Z,      -82.753403,       173.47600
2006-03-01T05:08:30.000Z,      -82.753403,       173.47600
2006-03-01T05:09:30.000Z,      -82.753403,       173.47501
2006-03-01T05:10:30.000Z,      -82.753403,       173.47400
2006-03-01T05:11:30.000Z,      -82.753403,       173.47301
2006-03-01T05:12:30.000Z,      -82.753403,       173.47301
2006-03-01T05:13:30.000Z,      -82.753403,       173.47200
2006-03-01T05:14:30.000Z,      -82.753403,       173.47099
2006-03-01T05:15:30.000Z,      -82.753403,       173.47099
2006-03-01T05:16:30.000Z,      -82.753403,       173.47000
2006-03-01T05:17:30.000Z,      -82.753403,       173.46899
2006-03-01T05:18:30.000Z,      -82.753403,       173.46899
2006-03-01T05:19:30.000Z,      -82.753403,       173.46800
2006-03-01T05:20:30.000Z,      -82.753403,       173.46700
2006-03-01T05:21:30.000Z,      -82.753403,       173.46600
2006-03-01T05:22:30.000Z,      -82.753403,       173.46600
2006-03-01T05:23:30.000Z,      -82.753403,       173.46500
2006-03-01T05:24:30.000Z,      -82.753403,       173.46400
2006-03-01T05:25:30.000Z,      -82.753403,       173.46400
2006-03-01T05:26:30.000Z,      -82.753403,       173.46300
2006-03-01T05:27:30.000Z,      -82.753403,       173.46201
2006-03-01T05:28:30.000Z,      -82.753403,       173.46201
2006-03-01T05:29:30.000Z,      -82.753403,       173.46100
2006-03-01T05:30:30.000Z,      -82.753403,       173.46001
2006-03-01T05:31:30.000Z,      -82.753403,       173.46001
2006-03-01T05:32:30.000Z,      -82.753403,       173.45900
2006-03-01T05:33:30.000Z,      -82.753403,       173.45799
2006-03-01T05:34:30.000Z,      -82.753403,       173.45700
2006-03-01T05:35:30.000Z,      -82.753403,       173.45700
2006-03-01T05:36:30.000Z,      -82.753403,       173.45599
2006-03-01T05:37:30.000Z,      -82.753403,       173.45500
2006-03-01T05:38:30.000Z,      -82.753403,       173.45500
2006-03-01T05:39:30.000Z,      -82.753403,       173.45399
2006-03-01T05:40:30.000Z,      -82.753403,       173.45300
2006-03-01T05:41:30.000Z,      -82.753403,       173.45300
2006-03-01T05:42:30.000Z,      -82.753403,       173.45200
2006-03-01T05:43:30.000Z,      -82.753403,       173.45100
2006-03-01T05:44:30.000Z,      -82.753403,       173.45000
2006-03-01T05:45:30.000Z,      -82.753403,       173.45000
2006-03-01T05:46:30.000Z,      -82.753403,       173.44901
2006-03-01T05:47:30.000Z,      -82.753403,       173.44800
2006-03-01T05:48:30.000Z,      -82.753403,       173.44800
2006-03-01T05:49:30.000Z,      -82.753403,       173.44701
2006-03-01T05:50:30.000Z,      -82.753403,       173.44600
2006-03-01T05:51:30.000Z,      -82.753403,       173.44600
2006-03-01T05:52:30.000Z,      -82.753403,       173.44501
2006-03-01T05:53:30.000Z,      -82.753403,       173.44400
2006-03-01T05:54:30.000Z,      -82.753403,       173.44299
2006-03-01T05:55:30.000Z,      -82.753403,       173.44299
2006-03-01T05:56:30.000Z,      -82.753403,       173.44200
2006-03-01T05:57:30.000Z,      -82.753403,       173.44099
2006-03-01T05:58:30.000Z,      -82.753403,       173.44099
2006-03-01T05:59:30.000Z,      -82.753403,       173.44000
2006-03-01T06:00:30.000Z,      -82.753403,       173.43900
2006-03-01T06:01:30.000Z,      -82.753403,       173.43900
2006-03-01T06:02:30.000Z,      -82.753403,       173.43800
2006-03-01T06:03:30.000Z,      -82.753403,       173.43700
2006-03-01T06:04:30.000Z,      -82.753403,       173.43600
2006-03-01T06:05:30.000Z,      -82.753403,       173.43600
2006-03-01T06:06:30.000Z,      -82.753403,       173.43500
2006-03-01T06:07:30.000Z,      -82.753403,       173.43401
2006-03-01T06:08:30.000Z,      -82.753403,       173.43401
2006-03-01T06:09:30.000Z,      -82.753403,       173.43300
2006-03-01T06:10:30.000Z,      -82.753403,       173.43201
2006-03-01T06:11:30.000Z,      -82.753403,       173.43201
2006-03-01T06:12:30.000Z,      -82.753403,       173.43100
2006-03-01T06:13:30.000Z,      -82.753403,       173.42999
2006-03-01T06:14:30.000Z,      -82.753403,       173.42999
2006-03-01T06:15:30.000Z,      -82.753403,       173.42900
2006-03-01T06:16:30.000Z,      -82.753403,       173.42799
2006-03-01T06:17:30.000Z,      -82.753403,       173.42700
2006-03-01T06:18:30.000Z,      -82.753403,       173.42700
2006-03-01T06:19:30.000Z,      -82.753403,       173.42599
2006-03-01T06:20:30.000Z,      -82.753403,       173.42500
2006-03-01T06:21:30.000Z,      -82.753403,       173.42500
2006-03-01T06:22:30.000Z,      -82.753403,       173.42400
2006-03-01T06:23:30.000Z,      -82.753403,       173.42300
2006-03-01T06:24:30.000Z,      -82.753403,       173.42300
2006-03-01T06:25:30.000Z,      -82.753403,       173.42200
2006-03-01T06:26:30.000Z,      -82.753403,       173.42101
2006-03-01T06:27:30.000Z,      -82.753403,       173.42000
2006-03-01T06:28:30.000Z,      -82.753403,       173.42000
2006-03-01T06:29:30.000Z,      -82.753403,       173.41901
2006-03-01T06:30:30.000Z,      -82.753403,       173.41800
2006-03-01T06:31:30.000Z,      -82.753403,       173.41800
2006-03-01T06:32:30.000Z,      -82.753403,       173.41701
2006-03-01T06:33:30.000Z,      -82.753403,       173.41600
2006-03-01T06:34:30.000Z,      -82.753403,       173.41600
2006-03-01T06:35:30.000Z,      -82.753403,       173.41499
2006-03-01T06:36:30.000Z,      -82.753403,       173.41400
2006-03-01T06:37:30.000Z,      -82.753403,       173.41299
2006-03-01T06:38:30.000Z,      -82.753403,       173.41299
2006-03-01T06:39:30.000Z,      -82.753403,       173.41200
2006-03-01T06:40:30.000Z,      -82.753403,       173.41100
2006-03-01T06:41:30.000Z,      -82.753403,       173.41100
2006-03-01T06:42:30.000Z,      -82.753403,       173.41000
2006-03-01T06:43:30.000Z,      -82.753403,       173.40900
2006-03-01T06:44:30.000Z,      -82.753403,       173.40900
2006-03-01T06:45:30.000Z,      -82.753403,       173.40800
2006-03-01T06:46:30.000Z,      -82.753403,       173.40700
2006-03-01T06:47:30.000Z,      -82.753403,       173.40700
2006-03-01T06:48:30.000Z,      -82.753403,       173.40601
2006-03-01T06:49:30.000Z,      -82.753403,       173.40500
2006-03-01T06:50:30.000Z,      -82.753403,       173.40401
2006-03-01T06:51:30.000Z,      -82.753403,       173.40401
2006-03-01T06:52:30.000Z,      -82.753403,       173.40300
2006-03-01T06:53:30.000Z,      -82.753403,       173.40199
2006-03-01T06:54:30.000Z,      -82.753403,       173.40199
2006-03-01T06:55:30.000Z,      -82.753403,       173.40100
2006-03-01T06:56:30.000Z,      -82.753403,       173.39999
2006-03-01T06:57:30.000Z,      -82.753403,       173.39999
2006-03-01T06:58:30.000Z,      -82.753403,       173.39900
2006-03-01T06:59:30.000Z,      -82.753403,       173.39799
2006-03-01T07:00:30.000Z,      -82.753403,       173.39700
2006-03-01T07:01:30.000Z,      -82.753403,       173.39700
2006-03-01T07:02:30.000Z,      -82.753403,       173.39600
2006-03-01T07:03:30.000Z,      -82.753403,       173.39500
2006-03-01T07:04:30.000Z,      -82.753403,       173.39500
2006-03-01T07:05:30.000Z,      -82.753403,       173.39400
2006-03-01T07:06:30.000Z,      -82.753403,       173.39301
2006-03-01T07:07:30.000Z,      -82.753403,       173.39301
2006-03-01T07:08:30.000Z,      -82.753403,       173.39200
2006-03-01T07:09:30.000Z,      -82.753403,       173.39101
2006-03-01T07:10:30.000Z,      -82.753403,       173.39000
2006-03-01T07:11:30.000Z,      -82.753403,       173.39000
2006-03-01T07:12:30.000Z,      -82.753403,       173.38901
2006-03-01T07:13:30.000Z,      -82.753403,       173.38800
2006-03-01T07:14:30.000Z,      -82.753403,       173.38800
2006-03-01T07:15:30.000Z,      -82.753403,       173.38699
2006-03-01T07:16:30.000Z,      -82.753403,       173.38600
2006-03-01T07:17:30.000Z,      -82.753403,       173.38600
2006-03-01T07:18:30.000Z,      -82.753403,       173.38499
2006-03-01T07:19:30.000Z,      -82.753403,       173.38400
2006-03-01T07:20:30.000Z,      -82.753403,       173.38400
2006-03-01T07:21:30.000Z,      -82.753403,       173.38300
2006-03-01T07:22:30.000Z,      -82.753403,       173.38200
2006-03-01T07:23:30.000Z,      -82.753403,       173.38100
2006-03-01T07:24:30.000Z,      -82.753403,       173.38100
2006-03-01T07:25:30.000Z,      -82.753403,       173.38000
2006-03-01T07:26:30.000Z,      -82.753403,       173.37900
2006-03-01T07:27:30.000Z,      -82.753403,       173.37900
2006-03-01T07:28:30.000Z,      -82.753403,       173.37801
2006-03-01T07:29:30.000Z,      -82.753403,       173.37700
2006-03-01T07:30:30.000Z,      -82.753403,       173.37700
2006-03-01T07:31:30.000Z,      -82.753403,       173.37601
2006-03-01T07:32:30.000Z,      -82.753403,       173.37500
2006-03-01T07:33:30.000Z,      -82.753403,       173.37399
2006-03-01T07:34:30.000Z,      -82.753403,       173.37399
2006-03-01T07:35:30.000Z,      -82.753403,       173.37300
2006-03-01T07:36:30.000Z,      -82.753403,       173.37199
2006-03-01T07:37:30.000Z,      -82.753403,       173.37199
2006-03-01T07:38:30.000Z,      -82.753403,       173.37100
2006-03-01T07:39:30.000Z,      -82.753403,       173.37000
2006-03-01T07:40:30.000Z,      -82.753403,       173.37000
2006-03-01T07:41:30.000Z,      -82.753403,       173.36900
2006-03-01T07:42:30.000Z,      -82.753403,       173.36800
2006-03-01T07:43:30.000Z,      -82.753403,       173.36700
2006-03-01T07:44:30.000Z,      -82.753403,       173.36700
2006-03-01T07:45:30.000Z,      -82.753403,       173.36600
2006-03-01T07:46:30.000Z,      -82.753403,       173.36501
2006-03-01T07:47:30.000Z,      -82.753403,       173.36501
2006-03-01T07:48:30.000Z,      -82.753403,       173.36400
2006-03-01T07:49:30.000Z,      -82.753403,       173.36301
2006-03-01T07:50:30.000Z,      -82.753403,       173.36301
2006-03-01T07:51:30.000Z,      -82.753403,       173.36200
2006-03-01T07:52:30.000Z,      -82.753403,       173.36099
2006-03-01T07:53:30.000Z,      -82.753403,       173.36099
2006-03-01T07:54:30.000Z,      -82.753403,       173.36000
2006-03-01T07:55:30.000Z,      -82.753403,       173.35899
2006-03-01T07:56:30.000Z,      -82.753403,       173.35800
2006-03-01T07:57:30.000Z,      -82.753403,       173.35800
2006-03-01T07:58:30.000Z,      -82.753403,       173.35699
2006-03-01T07:59:30.000Z,      -82.753403,       173.35600
2006-03-01T08:00:30.000Z,      -82.753403,       173.35600
2006-03-01T08:01:30.000Z,      -82.753403,       173.35500
2006-03-01T08:02:30.000Z,      -82.753403,       173.35400
2006-03-01T08:03:30.000Z,      -82.753403,       173.35400
2006-03-01T08:04:30.000Z,      -82.753403,       173.35300
2006-03-01T08:05:30.000Z,      -82.753403,       173.35201
2006-03-01T08:06:30.000Z,      -82.753403,       173.35100
2006-03-01T08:07:30.000Z,      -82.753403,       173.35100
2006-03-01T08:08:30.000Z,      -82.753403,       173.35001
2006-03-01T08:09:30.000Z,      -82.753403,       173.34900
2006-03-01T08:10:30.000Z,      -82.753403,       173.34900
2006-03-01T08:11:30.000Z,      -82.753403,       173.34801
2006-03-01T08:12:30.000Z,      -82.753403,       173.34700
2006-03-01T08:13:30.000Z,      -82.753403,       173.34700
2006-03-01T08:14:30.000Z,      -82.753403,       173.34599
2006-03-01T08:15:30.000Z,      -82.753403,       173.34500
2006-03-01T08:16:30.000Z,      -82.753403,       173.34399
2006-03-01T08:17:30.000Z,      -82.753403,       173.34399
2006-03-01T08:18:30.000Z,      -82.753403,       173.34300
2006-03-01T08:19:30.000Z,      -82.753403,       173.34200
2006-03-01T08:20:30.000Z,      -82.753403,       173.34200
2006-03-01T08:21:30.000Z,      -82.753403,       173.34100
2006-03-01T08:22:30.000Z,      -82.753403,       173.34000
2006-03-01T08:23:30.000Z,      -82.753403,       173.34000
2006-03-01T08:24:30.000Z,      -82.753403,       173.33900
2006-03-01T08:25:30.000Z,      -82.753403,       173.33800
2006-03-01T08:26:30.000Z,      -82.753403,       173.33800
2006-03-01T08:27:30.000Z,      -82.753403,       173.33701
2006-03-01T08:28:30.000Z,      -82.753403,       173.33600
2006-03-01T08:29:30.000Z,      -82.753403,       173.33501
2006-03-01T08:30:30.000Z,      -82.753403,       173.33501
2006-03-01T08:31:30.000Z,      -82.753403,       173.33400
2006-03-01T08:32:30.000Z,      -82.753403,       173.33299
2006-03-01T08:33:30.000Z,      -82.753403,       173.33299
2006-03-01T08:34:30.000Z,      -82.753403,       173.33200
2006-03-01T08:35:30.000Z,      -82.753403,       173.33099
2006-03-01T08:36:30.000Z,      -82.753403,       173.33099
2006-03-01T08:37:30.000Z,      -82.753403,       173.33000
2006-03-01T08:38:30.000Z,      -82.753403,       173.32899
2006-03-01T08:39:30.000Z,      -82.753403,       173.32800
2006-03-01T08:40:30.000Z,      -82.753403,       173.32800
2006-03-01T08:41:30.000Z,      -82.753403,       173.32700
2006-03-01T08:42:30.000Z,      -82.753403,       173.32600
2006-03-01T08:43:30.000Z,      -82.753403,       173.32600
2006-03-01T08:44:30.000Z,      -82.753403,       173.32500
2006-03-01T08:45:30.000Z,      -82.753403,       173.32401
2006-03-01T08:46:30.000Z,      -82.753403,       173.32401
2006-03-01T08:47:30.000Z,      -82.753403,       173.32300
2006-03-01T08:48:30.000Z,      -82.753403,       173.32201
2006-03-01T08:49:30.000Z,      -82.753403,       173.32100
2006-03-01T08:50:30.000Z,      -82.753403,       173.32100
2006-03-01T08:51:30.000Z,      -82.753403,       173.32001
2006-03-01T08:52:30.000Z,      -82.753403,       173.31900
2006-03-01T08:53:30.000Z,      -82.753403,       173.31900
2006-03-01T08:54:30.000Z,      -82.753403,       173.31799
2006-03-01T08:55:30.000Z,      -82.753403,       173.31700
2006-03-01T08:56:30.000Z,      -82.753403,       173.31700
2006-03-01T08:57:30.000Z,      -82.753403,       173.31599
2006-03-01T08:58:30.000Z,      -82.753403,       173.31500
2006-03-01T08:59:30.000Z,      -82.753403,       173.31400
2006-03-01T09:00:30.000Z,      -82.753403,       173.31400
2006-03-01T09:01:30.000Z,      -82.753403,       173.31300
2006-03-01T09:02:30.000Z,      -82.753403,       173.31200
2006-03-01T09:03:30.000Z,      -82.753403,       173.31200
2006-03-01T09:04:30.000Z,      -82.753403,       173.31100
2006-03-01T09:05:30.000Z,      -82.753403,       173.31000
2006-03-01T09:06:30.000Z,      -82.753403,       173.31000
2006-03-01T09:07:30.000Z,      -82.753403,       173.30901
2006-03-01T09:08:30.000Z,      -82.753403,       173.30800
2006-03-01T09:09:30.000Z,      -82.753403,       173.30800
2006-03-01T09:10:30.000Z,      -82.753403,       173.30701
2006-03-01T09:11:30.000Z,      -82.753403,       173.30600
2006-03-01T09:12:30.000Z,      -82.753403,       173.30499
2006-03-01T09:13:30.000Z,      -82.753403,       173.30499
2006-03-01T09:14:30.000Z,      -82.753403,       173.30400
2006-03-01T09:15:30.000Z,      -82.753403,       173.30299
2006-03-01T09:16:30.000Z,      -82.753403,       173.30299
2006-03-01T09:17:30.000Z,      -82.753403,       173.30200
2006-03-01T09:18:30.000Z,      -82.753403,       173.30099
2006-03-01T09:19:30.000Z,      -82.753403,       173.30099
2006-03-01T09:20:30.000Z,      -82.753403,       173.30000
2006-03-01T09:21:30.000Z,      -82.753403,       173.29900
2006-03-01T09:22:30.000Z,      -82.753403,       173.29800
2006-03-01T09:23:30.000Z,      -82.753403,       173.29800
2006-03-01T09:24:30.000Z,      -82.753403,       173.29700
2006-03-01T09:25:30.000Z,      -82.753403,       173.29601
2006-03-01T09:26:30.000Z,      -82.753403,       173.29601
2006-03-01T09:27:30.000Z,      -82.753403,       173.29500
2006-03-01T09:28:30.000Z,      -82.753403,       173.29401
2006-03-01T09:29:30.000Z,      -82.753403,       173.29401
2006-03-01T09:30:30.000Z,      -82.753403,       173.29300
2006-03-01T09:31:30.000Z,      -82.753403,       173.29201
2006-03-01T09:32:30.000Z,      -82.753403,       173.29201
2006-03-01T09:33:30.000Z,      -82.753403,       173.29100
2006-03-01T09:34:30.000Z,      -82.753403,       173.28999
2006-03-01T09:35:30.000Z,      -82.753403,       173.28900
2006-03-01T09:36:30.000Z,      -82.753403,       173.28900
2006-03-01T09:37:30.000Z,      -82.753403,       173.28799
2006-03-01T09:38:30.000Z,      -82.753403,       173.28700
2006-03-01T09:39:30.000Z,      -82.753403,       173.28700
2006-03-01T09:40:30.000Z,      -82.753403,       173.28600
2006-03-01T09:41:30.000Z,      -82.753403,       173.28500
2006-03-01T09:42:30.000Z,      -82.753403,       173.28500
2006-03-01T09:43:30.000Z,      -82.753403,       173.28400
2006-03-01T09:44:30.000Z,      -82.753403,       173.28300
2006-03-01T09:45:30.000Z,      -82.753403,       173.28200
2006-03-01T09:46:30.000Z,      -82.753403,       173.28200
2006-03-01T09:47:30.000Z,      -82.753403,       173.28101
2006-03-01T09:48:30.000Z,      -82.753403,       173.28000
2006-03-01T09:49:30.000Z,      -82.753403,       173.28000
2006-03-01T09:50:30.000Z,      -82.753403,       173.27901
2006-03-01T09:51:30.000Z,      -82.753403,       173.27800
2006-03-01T09:52:30.000Z,      -82.753403,       173.27800
2006-03-01T09:53:30.000Z,      -82.753403,       173.27699
2006-03-01T09:54:30.000Z,      -82.753403,       173.27600
2006-03-01T09:55:30.000Z,      -82.753403,       173.27499
2006-03-01T09:56:30.000Z,      -82.753403,       173.27499
2006-03-01T09:57:30.000Z,      -82.753403,       173.27400
2006-03-01T09:58:30.000Z,      -82.753403,       173.27299
2006-03-01T09:59:30.000Z,      -82.753403,       173.27299
2006-03-01T10:00:30.000Z,      -82.753403,       173.27200
2006-03-01T10:01:30.000Z,      -82.753403,       173.27100
2006-03-01T10:02:30.000Z,      -82.753403,       173.27100
2006-03-01T10:03:30.000Z,      -82.753403,       173.27000
2006-03-01T10:04:30.000Z,      -82.753403,       173.26900
2006-03-01T10:05:30.000Z,      -82.753403,       173.26801
2006-03-01T10:06:30.000Z,      -82.753403,       173.26801
2006-03-01T10:07:30.000Z,      -82.753403,       173.26700
2006-03-01T10:08:30.000Z,      -82.753403,       173.26601
2006-03-01T10:09:30.000Z,      -82.753403,       173.26601
2006-03-01T10:10:30.000Z,      -82.753403,       173.26500
2006-03-01T10:11:30.000Z,      -82.753403,       173.26401
2006-03-01T10:12:30.000Z,      -82.753403,       173.26401
2006-03-01T10:13:30.000Z,      -82.753403,       173.26300
2006-03-01T10:14:30.000Z,      -82.753403,       173.26199
2006-03-01T10:15:30.000Z,      -82.753403,       173.26199
2006-03-01T10:16:30.000Z,      -82.753403,       173.26100
2006-03-01T10:17:30.000Z,      -82.753403,       173.25999
2006-03-01T10:18:30.000Z,      -82.753403,       173.25900
2006-03-01T10:19:30.000Z,      -82.753403,       173.25900
2006-03-01T10:20:30.000Z,      -82.753403,       173.25800
2006-03-01T10:21:30.000Z,      -82.753403,       173.25700
2006-03-01T10:22:30.000Z,      -82.753403,       173.25700
2006-03-01T10:23:30.000Z,      -82.753403,       173.25600
2006-03-01T10:24:30.000Z,      -82.753403,       173.25500
2006-03-01T10:25:30.000Z,      -82.753403,       173.25500
2006-03-01T10:26:30.000Z,      -82.753403,       173.25400
2006-03-01T10:27:30.000Z,      -82.753403,       173.25301
2006-03-01T10:28:30.000Z,      -82.753403,       173.25200
2006-03-01T10:29:30.000Z,      -82.753403,       173.25200
2006-03-01T10:30:30.000Z,      -82.753403,       173.25101
2006-03-01T10:31:30.000Z,      -82.753403,       173.25000
2006-03-01T10:32:30.000Z,      -82.753403,       173.25000
2006-03-01T10:33:30.000Z,      -82.753403,       173.24899
2006-03-01T10:34:30.000Z,      -82.753403,       173.24800
2006-03-01T10:35:30.000Z,      -82.753403,       173.24800
2006-03-01T10:36:30.000Z,      -82.753403,       173.24699
2006-03-01T10:37:30.000Z,      -82.753403,       173.24600
2006-03-01T10:38:30.000Z,      -82.753403,       173.24500
2006-03-01T10:39:30.000Z,      -82.753403,       173.24500
2006-03-01T10:40:30.000Z,      -82.753403,       173.24400
2006-03-01T10:41:30.000Z,      -82.753403,       173.24300
2006-03-01T10:42:30.000Z,      -82.753403,       173.24300
2006-03-01T10:43:30.000Z,      -82.753403,       173.24200
2006-03-01T10:44:30.000Z,      -82.753403,       173.24100
2006-03-01T10:45:30.000Z,      -82.753403,       173.24100
2006-03-01T10:46:30.000Z,      -82.753403,       173.24001
2006-03-01T10:47:30.000Z,      -82.753403,       173.23900
2006-03-01T10:48:30.000Z,      -82.753403,       173.23900
2006-03-01T10:49:30.000Z,      -82.753403,       173.23801
2006-03-01T10:50:30.000Z,      -82.753403,       173.23700
2006-03-01T10:51:30.000Z,      -82.753403,       173.23599
2006-03-01T10:52:30.000Z,      -82.753403,       173.23599
2006-03-01T10:53:30.000Z,      -82.753403,       173.23500
2006-03-01T10:54:30.000Z,      -82.753403,       173.23399
2006-03-01T10:55:30.000Z,      -82.753403,       173.23399
2006-03-01T10:56:30.000Z,      -82.753403,       173.23300
2006-03-01T10:57:30.000Z,      -82.753403,       173.23199
2006-03-01T10:58:30.000Z,      -82.753403,       173.23199
2006-03-01T10:59:30.000Z,      -82.753403,       173.23100
2006-03-01T11:00:30.000Z,      -82.753403,       173.23000
2006-03-01T11:01:30.000Z,      -82.753403,       173.22900
2006-03-01T11:02:30.000Z,      -82.753403,       173.22900
2006-03-01T11:03:30.000Z,      -82.753403,       173.22800
2006-03-01T11:04:30.000Z,      -82.753403,       173.22701
2006-03-01T11:05:30.000Z,      -82.753403,       173.22701
2006-03-01T11:06:30.000Z,      -82.753403,       173.22600
2006-03-01T11:07:30.000Z,      -82.753403,       173.22501
2006-03-01T11:08:30.000Z,      -82.753403,       173.22501
2006-03-01T11:09:30.000Z,      -82.753403,       173.22400
2006-03-01T11:10:30.000Z,      -82.753403,       173.22301
2006-03-01T11:11:30.000Z,      -82.753403,       173.22200
2006-03-01T11:12:30.000Z,      -82.753403,       173.22200
2006-03-01T11:13:30.000Z,      -82.753403,       173.22099
2006-03-01T11:14:30.000Z,      -82.753403,       173.22000
2006-03-01T11:15:30.000Z,      -82.753403,       173.22000
2006-03-01T11:16:30.000Z,      -82.753403,       173.21899
2006-03-01T11:17:30.000Z,      -82.753403,       173.21800
2006-03-01T11:18:30.000Z,      -82.753403,       173.21800
2006-03-01T11:19:30.000Z,      -82.753403,       173.21700
2006-03-01T11:20:30.000Z,      -82.753403,       173.21600
2006-03-01T11:21:30.000Z,      -82.753403,       173.21600
2006-03-01T11:22:30.000Z,      -82.753403,       173.21500
2006-03-01T11:23:30.000Z,      -82.753403,       173.21400
2006-03-01T11:24:30.000Z,      -82.753403,       173.21300
2006-03-01T11:25:30.000Z,      -82.753403,       173.21300
2006-03-01T11:26:30.000Z,      -82.753403,       173.21201
2006-03-01T11:27:30.000Z,      -82.753403,       173.21100
2006-03-01T11:28:30.000Z,      -82.753403,       173.21100
2006-03-01T11:29:30.000Z,      -82.753403,       173.21001
2006-03-01T11:30:30.000Z,      -82.753403,       173.20900
2006-03-01T11:31:30.000Z,      -82.753403,       173.20900
2006-03-01T11:32:30.000Z,      -82.753403,       173.20799
2006-03-01T11:33:30.000Z,      -82.753403,       173.20700
2006-03-01T11:34:30.000Z,      -82.753403,       173.20599
2006-03-01T11:35:30.000Z,      -82.753403,       173.20599
2006-03-01T11:36:30.000Z,      -82.753403,       173.20500
2006-03-01T11:37:30.000Z,      -82.753403,       173.20399
2006-03-01T11:38:30.000Z,      -82.753403,       173.20399
2006-03-01T11:39:30.000Z,      -82.753403,       173.20300
2006-03-01T11:40:30.000Z,      -82.753403,       173.20200
2006-03-01T11:41:30.000Z,      -82.753403,       173.20200
2006-03-01T11:42:30.000Z,      -82.753403,       173.20100
2006-03-01T11:43:30.000Z,      -82.753403,       173.20000
2006-03-01T11:44:30.000Z,      -82.753403,       173.19901
2006-03-01T11:45:30.000Z,      -82.753403,       173.19901
2006-03-01T11:46:30.000Z,      -82.753403,       173.19800
2006-03-01T11:47:30.000Z,      -82.753403,       173.19701
2006-03-01T11:48:30.000Z,      -82.753403,       173.19701
2006-03-01T11:49:30.000Z,      -82.753403,       173.19600
2006-03-01T11:50:30.000Z,      -82.753403,       173.19501
2006-03-01T11:51:30.000Z,      -82.753403,       173.19501
2006-03-01T11:52:30.000Z,      -82.753403,       173.19400
2006-03-01T11:53:30.000Z,      -82.753403,       173.19299
2006-03-01T11:54:30.000Z,      -82.753403,       173.19299
2006-03-01T11:55:30.000Z,      -82.753403,       173.19200
2006-03-01T11:56:30.000Z,      -82.753403,       173.19099
2006-03-01T11:57:30.000Z,      -82.753403,       173.19000
2006-03-01T11:58:30.000Z,      -82.753403,       173.19000
2006-03-01T11:59:30.000Z,      -82.753403,       173.18900
2006-03-01T12:00:30.000Z,      -82.753403,       173.18800
2006-03-01T12:01:30.000Z,      -82.753403,       173.18800
2006-03-01T12:02:30.000Z,      -82.753403,       173.18700
2006-03-01T12:03:30.000Z,      -82.753403,       173.18600
2006-03-01T12:04:30.000Z,      -82.753403,       173.18600
2006-03-01T12:05:30.000Z,      -82.753403,       173.18500
2006-03-01T12:06:30.000Z,      -82.753403,       173.18401
2006-03-01T12:07:30.000Z,      -82.753403,       173.18300
2006-03-01T12:08:30.000Z,      -82.753403,       173.18300
2006-03-01T12:09:30.000Z,      -82.753403,       173.18201
2006-03-01T12:10:30.000Z,      -82.753403,       173.18100
2006-03-01T12:11:30.000Z,      -82.753403,       173.18100
2006-03-01T12:12:30.000Z,      -82.753403,       173.17999
2006-03-01T12:13:30.000Z,      -82.753403,       173.17900
2006-03-01T12:14:30.000Z,      -82.753403,       173.17900
2006-03-01T12:15:30.000Z,      -82.753403,       173.17799
2006-03-01T12:16:30.000Z,      -82.753403,       173.17700
2006-03-01T12:17:30.000Z,      -82.753403,       173.17599
2006-03-01T12:18:30.000Z,      -82.753403,       173.17599
2006-03-01T12:19:30.000Z,      -82.753403,       173.17500
2006-03-01T12:20:30.000Z,      -82.753403,       173.17400
2006-03-01T12:21:30.000Z,      -82.753403,       173.17400
2006-03-01T12:22:30.000Z,      -82.753403,       173.17300
2006-03-01T12:23:30.000Z,      -82.753403,       173.17200
2006-03-01T12:24:30.000Z,      -82.753403,       173.17200
2006-03-01T12:25:30.000Z,      -82.753403,       173.17101
2006-03-01T12:26:30.000Z,      -82.753403,       173.17000
2006-03-01T12:27:30.000Z,      -82.753403,       173.17000
2006-03-01T12:28:30.000Z,      -82.753403,       173.16901
2006-03-01T12:29:30.000Z,      -82.753403,       173.16800
2006-03-01T12:30:30.000Z,      -82.753403,       173.16701
2006-03-01T12:31:30.000Z,      -82.753403,       173.16701
2006-03-01T12:32:30.000Z,      -82.753403,       173.16600
2006-03-01T12:33:30.000Z,      -82.753403,       173.16499
2006-03-01T12:34:30.000Z,      -82.753403,       173.16499
2006-03-01T12:35:30.000Z,      -82.753403,       173.16400
2006-03-01T12:36:30.000Z,      -82.753403,       173.16299
2006-03-01T12:37:30.000Z,      -82.753403,       173.16299
2006-03-01T12:38:30.000Z,      -82.753403,       173.16200
2006-03-01T12:39:30.000Z,      -82.753403,       173.16100
2006-03-01T12:40:30.000Z,      -82.753403,       173.16000
2006-03-01T12:41:30.000Z,      -82.753403,       173.16000
2006-03-01T12:42:30.000Z,      -82.753403,       173.15900
2006-03-01T12:43:30.000Z,      -82.753403,       173.15800
2006-03-01T12:44:30.000Z,      -82.753403,       173.15800
2006-03-01T12:45:30.000Z,      -82.753403,       173.15700
2006-03-01T12:46:30.000Z,      -82.753403,       173.15601
2006-03-01T12:47:30.000Z,      -82.753403,       173.15601
2006-03-01T12:48:30.000Z,      -82.753403,       173.15500
2006-03-01T12:49:30.000Z,      -82.753403,       173.15401
2006-03-01T12:50:30.000Z,      -82.753403,       173.15300
2006-03-01T12:51:30.000Z,      -82.753403,       173.15300
2006-03-01T12:52:30.000Z,      -82.753403,       173.15199
2006-03-01T12:53:30.000Z,      -82.753403,       173.15100
2006-03-01T12:54:30.000Z,      -82.753403,       173.15100
2006-03-01T12:55:30.000Z,      -82.753403,       173.14999
2006-03-01T12:56:30.000Z,      -82.753403,       173.14900
2006-03-01T12:57:30.000Z,      -82.753403,       173.14900
2006-03-01T12:58:30.000Z,      -82.753403,       173.14799
2006-03-01T12:59:30.000Z,      -82.753403,       173.14700
2006-03-01T13:00:30.000Z,      -82.753403,       173.14700
2006-03-01T13:01:30.000Z,      -82.753403,       173.14600
2006-03-01T13:02:30.000Z,      -82.753403,       173.14500
2006-03-01T13:03:30.000Z,      -82.753403,       173.14400
2006-03-01T13:04:30.000Z,      -82.753403,       173.14400
2006-03-01T13:05:30.000Z,      -82.753403,       173.14301
2006-03-01T13:06:30.000Z,      -82.753403,       173.14200
2006-03-01T13:07:30.000Z,      -82.753403,       173.14200
2006-03-01T13:08:30.000Z,      -82.753403,       173.14101
2006-03-01T13:09:30.000Z,      -82.753403,       173.14000
2006-03-01T13:10:30.000Z,      -82.753403,       173.14000
2006-03-01T13:11:30.000Z,      -82.753403,       173.13901
2006-03-01T13:12:30.000Z,      -82.753403,       173.13800
2006-03-01T13:13:30.000Z,      -82.753403,       173.13699
2006-03-01T13:14:30.000Z,      -82.753403,       173.13699
2006-03-01T13:15:30.000Z,      -82.753403,       173.13600
2006-03-01T13:16:30.000Z,      -82.753403,       173.13499
2006-03-01T13:17:30.000Z,      -82.753403,       173.13499
2006-03-01T13:18:30.000Z,      -82.753403,       173.13400
2006-03-01T13:19:30.000Z,      -82.753403,       173.13300
2006-03-01T13:20:30.000Z,      -82.753403,       173.13300
2006-03-01T13:21:30.000Z,      -82.753403,       173.13200
2006-03-01T13:22:30.000Z,      -82.753403,       173.13100
2006-03-01T13:23:30.000Z,      -82.753403,       173.13000
2006-03-01T13:24:30.000Z,      -82.753403,       173.13000
2006-03-01T13:25:30.000Z,      -82.753403,       173.12900
2006-03-01T13:26:30.000Z,      -82.753403,       173.12801
2006-03-01T13:27:30.000Z,      -82.753403,       173.12801
2006-03-01T13:28:30.000Z,      -82.753403,       173.12700
2006-03-01T13:29:30.000Z,      -82.753403,       173.12601
2006-03-01T13:30:30.000Z,      -82.753403,       173.12601
2006-03-01T13:31:30.000Z,      -82.753403,       173.12500
2006-03-01T13:32:30.000Z,      -82.753403,       173.12399
2006-03-01T13:33:30.000Z,      -82.753403,       173.12399
2006-03-01T13:34:30.000Z,      -82.753403,       173.12300
2006-03-01T13:35:30.000Z,      -82.753403,       173.12199
2006-03-01T13:36:30.000Z,      -82.753403,       173.12100
2006-03-01T13:37:30.000Z,      -82.753403,       173.12100
2006-03-01T13:38:30.000Z,      -82.753403,       173.12000
2006-03-01T13:39:30.000Z,      -82.753403,       173.11900
2006-03-01T13:40:30.000Z,      -82.753403,       173.11900
2006-03-01T13:41:30.000Z,      -82.753403,       173.11800
2006-03-01T13:42:30.000Z,      -82.753403,       173.11700
2006-03-01T13:43:30.000Z,      -82.753403,       173.11700
2006-03-01T13:44:30.000Z,      -82.753403,       173.11600
2006-03-01T13:45:30.000Z,      -82.753403,       173.11501
2006-03-01T13:46:30.000Z,      -82.753403,       173.11400
2006-03-01T13:47:30.000Z,      -82.753403,       173.11400
2006-03-01T13:48:30.000Z,      -82.753403,       173.11301
2006-03-01T13:49:30.000Z,      -82.753403,       173.11200
2006-03-01T13:50:30.000Z,      -82.753403,       173.11200
2006-03-01T13:51:30.000Z,      -82.753403,       173.11099
2006-03-01T13:52:30.000Z,      -82.753403,       173.11000
2006-03-01T13:53:30.000Z,      -82.753403,       173.11000
2006-03-01T13:54:30.000Z,      -82.753403,       173.10899
2006-03-01T13:55:30.000Z,      -82.753403,       173.10800
2006-03-01T13:56:30.000Z,      -82.753403,       173.10699
2006-03-01T13:57:30.000Z,      -82.753403,       173.10699
2006-03-01T13:58:30.000Z,      -82.753403,       173.10600
2006-03-01T13:59:30.000Z,      -82.753403,       173.10500
2006-03-01T14:00:30.000Z,      -82.753403,       173.10500
2006-03-01T14:01:30.000Z,      -82.753403,       173.10400
2006-03-01T14:02:30.000Z,      -82.753403,       173.10300
2006-03-01T14:03:30.000Z,      -82.753403,       173.10300
2006-03-01T14:04:30.000Z,      -82.753403,       173.10201
2006-03-01T14:05:30.000Z,      -82.753403,       173.10100
2006-03-01T14:06:30.000Z,      -82.753403,       173.10100
2006-03-01T14:07:30.000Z,      -82.753403,       173.10001
2006-03-01T14:08:30.000Z,      -82.753403,       173.09900
2006-03-01T14:09:30.000Z,      -82.753403,       173.09801
2006-03-01T14:10:30.000Z,      -82.753403,       173.09801
2006-03-01T14:11:30.000Z,      -82.753403,       173.09700
2006-03-01T14:12:30.000Z,      -82.753403,       173.09599
2006-03-01T14:13:30.000Z,      -82.753403,       173.09599
2006-03-01T14:14:30.000Z,      -82.753403,       173.09500
2006-03-01T14:15:30.000Z,      -82.753403,       173.09399
2006-03-01T14:16:30.000Z,      -82.753403,       173.09399
2006-03-01T14:17:30.000Z,      -82.753403,       173.09300
2006-03-01T14:18:30.000Z,      -82.753403,       173.09200
2006-03-01T14:19:30.000Z,      -82.753403,       173.09100
2006-03-01T14:20:30.000Z,      -82.753403,       173.09100
2006-03-01T14:21:30.000Z,      -82.753403,       173.09000
2006-03-01T14:22:30.000Z,      -82.753403,       173.08900
2006-03-01T14:23:30.000Z,      -82.753403,       173.08900
2006-03-01T14:24:30.000Z,      -82.753403,       173.08800
2006-03-01T14:25:30.000Z,      -82.753403,       173.08701
2006-03-01T14:26:30.000Z,      -82.753403,       173.08701
2006-03-01T14:27:30.000Z,      -82.753403,       173.08600
2006-03-01T14:28:30.000Z,      -82.753403,       173.08501
2006-03-01T14:29:30.000Z,      -82.753403,       173.08400
2006-03-01T14:30:30.000Z,      -82.753403,       173.08400
2006-03-01T14:31:30.000Z,      -82.753403,       173.08299
2006-03-01T14:32:30.000Z,      -82.753403,       173.08200
2006-03-01T14:33:30.000Z,      -82.753403,       173.08200
2006-03-01T14:34:30.000Z,      -82.753403,       173.08099
2006-03-01T14:35:30.000Z,      -82.753403,       173.08000
2006-03-01T14:36:30.000Z,      -82.753403,       173.08000
2006-03-01T14:37:30.000Z,      -82.753403,       173.07899
2006-03-01T14:38:30.000Z,      -82.753403,       173.07800
2006-03-01T14:39:30.000Z,      -82.753403,       173.07700
2006-03-01T14:40:30.000Z,      -82.753403,       173.07700
2006-03-01T14:41:30.000Z,      -82.753403,       173.07600
2006-03-01T14:42:30.000Z,      -82.753403,       173.07500
2006-03-01T14:43:30.000Z,      -82.753403,       173.07500
2006-03-01T14:44:30.000Z,      -82.753403,       173.07401
2006-03-01T14:45:30.000Z,      -82.753403,       173.07300
2006-03-01T14:46:30.000Z,      -82.753403,       173.07300
2006-03-01T14:47:30.000Z,      -82.753403,       173.07201
2006-03-01T14:48:30.000Z,      -82.753403,       173.07100
2006-03-01T14:49:30.000Z,      -82.753403,       173.07100
2006-03-01T14:50:30.000Z,      -82.753403,       173.07001
2006-03-01T14:51:30.000Z,      -82.753403,       173.06900
2006-03-01T14:52:30.000Z,      -82.753403,       173.06799
2006-03-01T14:53:30.000Z,      -82.753403,       173.06799
2006-03-01T14:54:30.000Z,      -82.753403,       173.06700
2006-03-01T14:55:30.000Z,      -82.753403,       173.06599
2006-03-01T14:56:30.000Z,      -82.753403,       173.06599
2006-03-01T14:57:30.000Z,      -82.753403,       173.06500
2006-03-01T14:58:30.000Z,      -82.753403,       173.06400
2006-03-01T14:59:30.000Z,      -82.753403,       173.06400
2006-03-01T15:00:30.000Z,      -82.753403,       173.06300
2006-03-01T15:01:30.000Z,      -82.753403,       173.06200
2006-03-01T15:02:30.000Z,      -82.753403,       173.06100
2006-03-01T15:03:30.000Z,      -82.753403,       173.06100
2006-03-01T15:04:30.000Z,      -82.753403,       173.06000
2006-03-01T15:05:30.000Z,      -82.753403,       173.05901
2006-03-01T15:06:30.000Z,      -82.753403,       173.05901
2006-03-01T15:07:30.000Z,      -82.753403,       173.05800
2006-03-01T15:08:30.000Z,      -82.753403,       173.05701
2006-03-01T15:09:30.000Z,      -82.753403,       173.05701
2006-03-01T15:10:30.000Z,      -82.753403,       173.05600
2006-03-01T15:11:30.000Z,      -82.753403,       173.05499
2006-03-01T15:12:30.000Z,      -82.753403,       173.05499
2006-03-01T15:13:30.000Z,      -82.753403,       173.05400
2006-03-01T15:14:30.000Z,      -82.753403,       173.05299
2006-03-01T15:15:30.000Z,      -82.753403,       173.05200
2006-03-01T15:16:30.000Z,      -82.753403,       173.05200
2006-03-01T15:17:30.000Z,      -82.753403,       173.05099
2006-03-01T15:18:30.000Z,      -82.753403,       173.05000
2006-03-01T15:19:30.000Z,      -82.753403,       173.05000
2006-03-01T15:20:30.000Z,      -82.753403,       173.04900
2006-03-01T15:21:30.000Z,      -82.753403,       173.04800
2006-03-01T15:22:30.000Z,      -82.753403,       173.04800
2006-03-01T15:23:30.000Z,      -82.753403,       173.04700
2006-03-01T15:24:30.000Z,      -82.753403,       173.04601
2006-03-01T15:25:30.000Z,      -82.753403,       173.04500
2006-03-01T15:26:30.000Z,      -82.753403,       173.04500
2006-03-01T15:27:30.000Z,      -82.753403,       173.04401
2006-03-01T15:28:30.000Z,      -82.753403,       173.04300
2006-03-01T15:29:30.000Z,      -82.753403,       173.04300
2006-03-01T15:30:30.000Z,      -82.753403,       173.04201
2006-03-01T15:31:30.000Z,      -82.753403,       173.04100
2006-03-01T15:32:30.000Z,      -82.753403,       173.04100
2006-03-01T15:33:30.000Z,      -82.753403,       173.03999
2006-03-01T15:34:30.000Z,      -82.753403,       173.03900
2006-03-01T15:35:30.000Z,      -82.753403,       173.03799
2006-03-01T15:36:30.000Z,      -82.753403,       173.03799
2006-03-01T15:37:30.000Z,      -82.753403,       173.03700
2006-03-01T15:38:30.000Z,      -82.753403,       173.03600
2006-03-01T15:39:30.000Z,      -82.753403,       173.03600
2006-03-01T15:40:30.000Z,      -82.753403,       173.03500
2006-03-01T15:41:30.000Z,      -82.753403,       173.03400
2006-03-01T15:42:30.000Z,      -82.753403,       173.03400
2006-03-01T15:43:30.000Z,      -82.753403,       173.03300
2006-03-01T15:44:30.000Z,      -82.753403,       173.03200
2006-03-01T15:45:30.000Z,      -82.753403,       173.03200
2006-03-01T15:46:30.000Z,      -82.753403,       173.03101
2006-03-01T15:47:30.000Z,      -82.753403,       173.03000
2006-03-01T15:48:30.000Z,      -82.753403,       173.02901
2006-03-01T15:49:30.000Z,      -82.753403,       173.02901
2006-03-01T15:50:30.000Z,      -82.753403,       173.02800
2006-03-01T15:51:30.000Z,      -82.753403,       173.02699
2006-03-01T15:52:30.000Z,      -82.753403,       173.02699
2006-03-01T15:53:30.000Z,      -82.753403,       173.02600
2006-03-01T15:54:30.000Z,      -82.753403,       173.02499
2006-03-01T15:55:30.000Z,      -82.753403,       173.02499
2006-03-01T15:56:30.000Z,      -82.753403,       173.02400
2006-03-01T15:57:30.000Z,      -82.753403,       173.02299
2006-03-01T15:58:30.000Z,      -82.753403,       173.02200
2006-03-01T15:59:30.000Z,      -82.753403,       173.02200
2006-03-01T16:00:30.000Z,      -82.753403,       173.02100
2006-03-01T16:01:30.000Z,      -82.753403,       173.02000
2006-03-01T16:02:30.000Z,      -82.753403,       173.02000
2006-03-01T16:03:30.000Z,      -82.753403,       173.01900
2006-03-01T16:04:30.000Z,      -82.753403,       173.01801
2006-03-01T16:05:30.000Z,      -82.753403,       173.01801
2006-03-01T16:06:30.000Z,      -82.753403,       173.01700
2006-03-01T16:07:30.000Z,      -82.753403,       173.01601
2006-03-01T16:08:30.000Z,      -82.753403,       173.01500
2006-03-01T16:09:30.000Z,      -82.753403,       173.01500
2006-03-01T16:10:30.000Z,      -82.753403,       173.01401
2006-03-01T16:11:30.000Z,      -82.753403,       173.01300
2006-03-01T16:12:30.000Z,      -82.753403,       173.01300
2006-03-01T16:13:30.000Z,      -82.753403,       173.01199
2006-03-01T16:14:30.000Z,      -82.753403,       173.01100
2006-03-01T16:15:30.000Z,      -82.753403,       173.01100
2006-03-01T16:16:30.000Z,      -82.753403,       173.00999
2006-03-01T16:17:30.000Z,      -82.753403,       173.00900
2006-03-01T16:18:30.000Z,      -82.753403,       173.00800
2006-03-01T16:19:30.000Z,      -82.753403,       173.00800
2006-03-01T16:20:30.000Z,      -82.753403,       173.00700
2006-03-01T16:21:30.000Z,      -82.753403,       173.00600
2006-03-01T16:22:30.000Z,      -82.753403,       173.00600
2006-03-01T16:23:30.000Z,      -82.753403,       173.00500
2006-03-01T16:24:30.000Z,      -82.753403,       173.00400
2006-03-01T16:25:30.000Z,      -82.753403,       173.00400
2006-03-01T16:26:30.000Z,      -82.753403,       173.00301
2006-03-01T16:27:30.000Z,      -82.753403,       173.00200
2006-03-01T16:28:30.000Z,      -82.753403,       173.00200
2006-03-01T16:29:30.000Z,      -82.753403,       173.00101
2006-03-01T16:30:30.000Z,      -82.753403,       173.00000
2006-03-01T16:31:30.000Z,      -82.753403,       172.99899
2006-03-01T16:32:30.000Z,      -82.753403,       172.99899
2006-03-01T16:33:30.000Z,      -82.753403,       172.99800
2006-03-01T16:34:30.000Z,      -82.753403,       172.99699
2006-03-01T16:35:30.000Z,      -82.753403,       172.99699
2006-03-01T16:36:30.000Z,      -82.753403,       172.99600
2006-03-01T16:37:30.000Z,      -82.753403,       172.99500
2006-03-01T16:38:30.000Z,      -82.753403,       172.99500
2006-03-01T16:39:30.000Z,      -82.753403,       172.99400
2006-03-01T16:40:30.000Z,      -82.753403,       172.99300
2006-03-01T16:41:30.000Z,      -82.753403,       172.99200
2006-03-01T16:42:30.000Z,      -82.753403,       172.99200
2006-03-01T16:43:30.000Z,      -82.753403,       172.99100
2006-03-01T16:44:30.000Z,      -82.753403,       172.99001
2006-03-01T16:45:30.000Z,      -82.753403,       172.99001
2006-03-01T16:46:30.000Z,      -82.753403,       172.98900
2006-03-01T16:47:30.000Z,      -82.753403,       172.98801
2006-03-01T16:48:30.000Z,      -82.753403,       172.98801
2006-03-01T16:49:30.000Z,      -82.753403,       172.98700
2006-03-01T16:50:30.000Z,      -82.753403,       172.98599
2006-03-01T16:51:30.000Z,      -82.753403,       172.98599
2006-03-01T16:52:30.000Z,      -82.753403,       172.98500
2006-03-01T16:53:30.000Z,      -82.753403,       172.98399
2006-03-01T16:54:30.000Z,      -82.753403,       172.98300
2006-03-01T16:55:30.000Z,      -82.753403,       172.98300
2006-03-01T16:56:30.000Z,      -82.753403,       172.98199
2006-03-01T16:57:30.000Z,      -82.753403,       172.98100
2006-03-01T16:58:30.000Z,      -82.753403,       172.98100
2006-03-01T16:59:30.000Z,      -82.753403,       172.98000
2006-03-01T17:00:30.000Z,      -82.753403,       172.97900
2006-03-01T17:01:30.000Z,      -82.753403,       172.97900
2006-03-01T17:02:30.000Z,      -82.753403,       172.97800
2006-03-01T17:03:30.000Z,      -82.753403,       172.97701
2006-03-01T17:04:30.000Z,      -82.753403,       172.97600
2006-03-01T17:05:30.000Z,      -82.753403,       172.97600
2006-03-01T17:06:30.000Z,      -82.753403,       172.97501
2006-03-01T17:07:30.000Z,      -82.753403,       172.97400
2006-03-01T17:08:30.000Z,      -82.753403,       172.97400
2006-03-01T17:09:30.000Z,      -82.753403,       172.97301
2006-03-01T17:10:30.000Z,      -82.753403,       172.97200
2006-03-01T17:11:30.000Z,      -82.753403,       172.97200
2006-03-01T17:12:30.000Z,      -82.753403,       172.97099
2006-03-01T17:13:30.000Z,      -82.753403,       172.97000
2006-03-01T17:14:30.000Z,      -82.753403,       172.96899
2006-03-01T17:15:30.000Z,      -82.753403,       172.96899
2006-03-01T17:16:30.000Z,      -82.753403,       172.96800
2006-03-01T17:17:30.000Z,      -82.753403,       172.96700
2006-03-01T17:18:30.000Z,      -82.753403,       172.96700
2006-03-01T17:19:30.000Z,      -82.753403,       172.96600
2006-03-01T17:20:30.000Z,      -82.753403,       172.96500
2006-03-01T17:21:30.000Z,      -82.753403,       172.96500
2006-03-01T17:22:30.000Z,      -82.753403,       172.96400
2006-03-01T17:23:30.000Z,      -82.753403,       172.96300
2006-03-01T17:24:30.000Z,      -82.753403,       172.96300
2006-03-01T17:25:30.000Z,      -82.753403,       172.96201
2006-03-01T17:26:30.000Z,      -82.753403,       172.96100
2006-03-01T17:27:30.000Z,      -82.753403,       172.96001
2006-03-01T17:28:30.000Z,      -82.753403,       172.96001
2006-03-01T17:29:30.000Z,      -82.753403,       172.95900
2006-03-01T17:30:30.000Z,      -82.753403,       172.95799
2006-03-01T17:31:30.000Z,      -82.753403,       172.95799
2006-03-01T17:32:30.000Z,      -82.753403,       172.95700
2006-03-01T17:33:30.000Z,      -82.753403,       172.95599
2006-03-01T17:34:30.000Z,      -82.753403,       172.95599
2006-03-01T17:35:30.000Z,      -82.753403,       172.95500
2006-03-01T17:36:30.000Z,      -82.753403,       172.95399
2006-03-01T17:37:30.000Z,      -82.753403,       172.95300
2006-03-01T17:38:30.000Z,      -82.753403,       172.95300
2006-03-01T17:39:30.000Z,      -82.753403,       172.95200
2006-03-01T17:40:30.000Z,      -82.753403,       172.95100
2006-03-01T17:41:30.000Z,      -82.753403,       172.95100
2006-03-01T17:42:30.000Z,      -82.753403,       172.95000
2006-03-01T17:43:30.000Z,      -82.753403,       172.94901
2006-03-01T17:44:30.000Z,      -82.753403,       172.94901
2006-03-01T17:45:30.000Z,      -82.753403,       172.94800
2006-03-01T17:46:30.000Z,      -82.753403,       172.94701
2006-03-01T17:47:30.000Z,      -82.753403,       172.94600
2006-03-01T17:48:30.000Z,      -82.753403,       172.94600
2006-03-01T17:49:30.000Z,      -82.753403,       172.94501
2006-03-01T17:50:30.000Z,      -82.753403,       172.94400
2006-03-01T17:51:30.000Z,      -82.753403,       172.94400
2006-03-01T17:52:30.000Z,      -82.753403,       172.94299
2006-03-01T17:53:30.000Z,      -82.753403,       172.94200
2006-03-01T17:54:30.000Z,      -82.753403,       172.94200
2006-03-01T17:55:30.000Z,      -82.753403,       172.94099
2006-03-01T17:56:30.000Z,      -82.753403,       172.94000
2006-03-01T17:57:30.000Z,      -82.753403,       172.93900
2006-03-01T17:58:30.000Z,      -82.753403,       172.93900
2006-03-01T17:59:30.000Z,      -82.753403,       172.93800
2006-03-01T18:00:30.000Z,      -82.753403,       172.93700
2006-03-01T18:01:30.000Z,      -82.753403,       172.93700
2006-03-01T18:02:30.000Z,      -82.753403,       172.93600
2006-03-01T18:03:30.000Z,      -82.753403,       172.93500
2006-03-01T18:04:30.000Z,      -82.753403,       172.93500
2006-03-01T18:05:30.000Z,      -82.753403,       172.93401
2006-03-01T18:06:30.000Z,      -82.753403,       172.93300
2006-03-01T18:07:30.000Z,      -82.753403,       172.93300
2006-03-01T18:08:30.000Z,      -82.753403,       172.93201
2006-03-01T18:09:30.000Z,      -82.753403,       172.93100
2006-03-01T18:10:30.000Z,      -82.753403,       172.92999
2006-03-01T18:11:30.000Z,      -82.753403,       172.92999
2006-03-01T18:12:30.000Z,      -82.753403,       172.92900
2006-03-01T18:13:30.000Z,      -82.753403,       172.92799
2006-03-01T18:14:30.000Z,      -82.753403,       172.92799
2006-03-01T18:15:30.000Z,      -82.753403,       172.92700
2006-03-01T18:16:30.000Z,      -82.753403,       172.92599
2006-03-01T18:17:30.000Z,      -82.753403,       172.92599
2006-03-01T18:18:30.000Z,      -82.753403,       172.92500
2006-03-01T18:19:30.000Z,      -82.753403,       172.92400
2006-03-01T18:20:30.000Z,      -82.753403,       172.92300
2006-03-01T18:21:30.000Z,      -82.753403,       172.92300
2006-03-01T18:22:30.000Z,      -82.753403,       172.92200
2006-03-01T18:23:30.000Z,      -82.753403,       172.92101
2006-03-01T18:24:30.000Z,      -82.753403,       172.92101
2006-03-01T18:25:30.000Z,      -82.753403,       172.92000
2006-03-01T18:26:30.000Z,      -82.753403,       172.91901
2006-03-01T18:27:30.000Z,      -82.753403,       172.91901
2006-03-01T18:28:30.000Z,      -82.753403,       172.91800
2006-03-01T18:29:30.000Z,      -82.753403,       172.91701
2006-03-01T18:30:30.000Z,      -82.753403,       172.91701
2006-03-01T18:31:30.000Z,      -82.753403,       172.91600
2006-03-01T18:32:30.000Z,      -82.753403,       172.91499
2006-03-01T18:33:30.000Z,      -82.753403,       172.91400
2006-03-01T18:34:30.000Z,      -82.753403,       172.91400
2006-03-01T18:35:30.000Z,      -82.753403,       172.91299
2006-03-01T18:36:30.000Z,      -82.753403,       172.91200
2006-03-01T18:37:30.000Z,      -82.753403,       172.91200
2006-03-01T18:38:30.000Z,      -82.753403,       172.91100
2006-03-01T18:39:30.000Z,      -82.753403,       172.91000
2006-03-01T18:40:30.000Z,      -82.753403,       172.91000
2006-03-01T18:41:30.000Z,      -82.753403,       172.90900
2006-03-01T18:42:30.000Z,      -82.753403,       172.90800
2006-03-01T18:43:30.000Z,      -82.753403,       172.90700
2006-03-01T18:44:30.000Z,      -82.753403,       172.90700
2006-03-01T18:45:30.000Z,      -82.753403,       172.90601
2006-03-01T18:46:30.000Z,      -82.753403,       172.90500
2006-03-01T18:47:30.000Z,      -82.753403,       172.90500
2006-03-01T18:48:30.000Z,      -82.753403,       172.90401
2006-03-01T18:49:30.000Z,      -82.753403,       172.90300
2006-03-01T18:50:30.000Z,      -82.753403,       172.90300
2006-03-01T18:51:30.000Z,      -82.753403,       172.90199
2006-03-01T18:52:30.000Z,      -82.753403,       172.90100
2006-03-01T18:53:30.000Z,      -82.753403,       172.89999
2006-03-01T18:54:30.000Z,      -82.753403,       172.89999
2006-03-01T18:55:30.000Z,      -82.753403,       172.89900
2006-03-01T18:56:30.000Z,      -82.753403,       172.89799
2006-03-01T18:57:30.000Z,      -82.753403,       172.89799
2006-03-01T18:58:30.000Z,      -82.753403,       172.89700
2006-03-01T18:59:30.000Z,      -82.753403,       172.89600
2006-03-01T19:00:30.000Z,      -82.753403,       172.89600
2006-03-01T19:01:30.000Z,      -82.753403,       172.89500
2006-03-01T19:02:30.000Z,      -82.753403,       172.89400
2006-03-01T19:03:30.000Z,      -82.753403,       172.89400
2006-03-01T19:04:30.000Z,      -82.753403,       172.89301
2006-03-01T19:05:30.000Z,      -82.753403,       172.89200
2006-03-01T19:06:30.000Z,      -82.753403,       172.89101
2006-03-01T19:07:30.000Z,      -82.753403,       172.89101
2006-03-01T19:08:30.000Z,      -82.753403,       172.89000
2006-03-01T19:09:30.000Z,      -82.753403,       172.88901
2006-03-01T19:10:30.000Z,      -82.753403,       172.88901
2006-03-01T19:11:30.000Z,      -82.753403,       172.88800
2006-03-01T19:12:30.000Z,      -82.753403,       172.88699
2006-03-01T19:13:30.000Z,      -82.753403,       172.88699
2006-03-01T19:14:30.000Z,      -82.753403,       172.88600
2006-03-01T19:15:30.000Z,      -82.753403,       172.88499
2006-03-01T19:16:30.000Z,      -82.753403,       172.88400
2006-03-01T19:17:30.000Z,      -82.753403,       172.88400
2006-03-01T19:18:30.000Z,      -82.753403,       172.88300
2006-03-01T19:19:30.000Z,      -82.753403,       172.88200
2006-03-01T19:20:30.000Z,      -82.753403,       172.88200
2006-03-01T19:21:30.000Z,      -82.753403,       172.88100
2006-03-01T19:22:30.000Z,      -82.753403,       172.88000
2006-03-01T19:23:30.000Z,      -82.753403,       172.88000
2006-03-01T19:24:30.000Z,      -82.753403,       172.87900
2006-03-01T19:25:30.000Z,      -82.753403,       172.87801
2006-03-01T19:26:30.000Z,      -82.753403,       172.87700
2006-03-01T19:27:30.000Z,      -82.753403,       172.87700
2006-03-01T19:28:30.000Z,      -82.753403,       172.87601
2006-03-01T19:29:30.000Z,      -82.753403,       172.87500
2006-03-01T19:30:30.000Z,      -82.753403,       172.87500
2006-03-01T19:31:30.000Z,      -82.753403,       172.87399
2006-03-01T19:32:30.000Z,      -82.753403,       172.87300
2006-03-01T19:33:30.000Z,      -82.753403,       172.87300
2006-03-01T19:34:30.000Z,      -82.753403,       172.87199
2006-03-01T19:35:30.000Z,      -82.753403,       172.87100
2006-03-01T19:36:30.000Z,      -82.753403,       172.87000
2006-03-01T19:37:30.000Z,      -82.753403,       172.87000
2006-03-01T19:38:30.000Z,      -82.753403,       172.86900
2006-03-01T19:39:30.000Z,      -82.753403,       172.86800
2006-03-01T19:40:30.000Z,      -82.753403,       172.86800
2006-03-01T19:41:30.000Z,      -82.753403,       172.86700
2006-03-01T19:42:30.000Z,      -82.753403,       172.86600
2006-03-01T19:43:30.000Z,      -82.753403,       172.86600
2006-03-01T19:44:30.000Z,      -82.753403,       172.86501
2006-03-01T19:45:30.000Z,      -82.753403,       172.86400
2006-03-01T19:46:30.000Z,      -82.753403,       172.86400
2006-03-01T19:47:30.000Z,      -82.753403,       172.86301
2006-03-01T19:48:30.000Z,      -82.753403,       172.86200
2006-03-01T19:49:30.000Z,      -82.753403,       172.86099
2006-03-01T19:50:30.000Z,      -82.753403,       172.86099
2006-03-01T19:51:30.000Z,      -82.753403,       172.86000
2006-03-01T19:52:30.000Z,      -82.753403,       172.85899
2006-03-01T19:53:30.000Z,      -82.753403,       172.85899
2006-03-01T19:54:30.000Z,      -82.753403,       172.85800
2006-03-01T19:55:30.000Z,      -82.753403,       172.85699
2006-03-01T19:56:30.000Z,      -82.753403,       172.85699
2006-03-01T19:57:30.000Z,      -82.753403,       172.85600
2006-03-01T19:58:30.000Z,      -82.753403,       172.85500
2006-03-01T19:59:30.000Z,      -82.753403,       172.85400
2006-03-01T20:00:30.000Z,      -82.753403,       172.85400
2006-03-01T20:01:30.000Z,      -82.753403,       172.85300
2006-03-01T20:02:30.000Z,      -82.753403,       172.85201
2006-03-01T20:03:30.000Z,      -82.753403,       172.85201
2006-03-01T20:04:30.000Z,      -82.753403,       172.85100
2006-03-01T20:05:30.000Z,      -82.753403,       172.85001
2006-03-01T20:06:30.000Z,      -82.753403,       172.85001
2006-03-01T20:07:30.000Z,      -82.753403,       172.84900
2006-03-01T20:08:30.000Z,      -82.753403,       172.84801
2006-03-01T20:09:30.000Z,      -82.753403,       172.84801
2006-03-01T20:10:30.000Z,      -82.753403,       172.84700
2006-03-01T20:11:30.000Z,      -82.753403,       172.84599
2006-03-01T20:12:30.000Z,      -82.753403,       172.84500
2006-03-01T20:13:30.000Z,      -82.753403,       172.84500
2006-03-01T20:14:30.000Z,      -82.753403,       172.84399
2006-03-01T20:15:30.000Z,      -82.753403,       172.84300
2006-03-01T20:16:30.000Z,      -82.753403,       172.84300
2006-03-01T20:17:30.000Z,      -82.753403,       172.84200
2006-03-01T20:18:30.000Z,      -82.753403,       172.84100
2006-03-01T20:19:30.000Z,      -82.753403,       172.84100
2006-03-01T20:20:30.000Z,      -82.753403,       172.84000
2006-03-01T20:21:30.000Z,      -82.753403,       172.83900
2006-03-01T20:22:30.000Z,      -82.753403,       172.83800
2006-03-01T20:23:30.000Z,      -82.753403,       172.83800
2006-03-01T20:24:30.000Z,      -82.753403,       172.83701
2006-03-01T20:25:30.000Z,      -82.753403,       172.83600
2006-03-01T20:26:30.000Z,      -82.753403,       172.83600
2006-03-01T20:27:30.000Z,      -82.753403,       172.83501
2006-03-01T20:28:30.000Z,      -82.753403,       172.83400
2006-03-01T20:29:30.000Z,      -82.753403,       172.83400
2006-03-01T20:30:30.000Z,      -82.753403,       172.83299
2006-03-01T20:31:30.000Z,      -82.753403,       172.83200
2006-03-01T20:32:30.000Z,      -82.753403,       172.83099
2006-03-01T20:33:30.000Z,      -82.753403,       172.83099
2006-03-01T20:34:30.000Z,      -82.753403,       172.83000
2006-03-01T20:35:30.000Z,      -82.753403,       172.82899
2006-03-01T20:36:30.000Z,      -82.753403,       172.82899
2006-03-01T20:37:30.000Z,      -82.753403,       172.82800
2006-03-01T20:38:30.000Z,      -82.753403,       172.82700
2006-03-01T20:39:30.000Z,      -82.753403,       172.82700
2006-03-01T20:40:30.000Z,      -82.753403,       172.82600
2006-03-01T20:41:30.000Z,      -82.753403,       172.82500
2006-03-01T20:42:30.000Z,      -82.753403,       172.82500
2006-03-01T20:43:30.000Z,      -82.753403,       172.82401
2006-03-01T20:44:30.000Z,      -82.753403,       172.82300
2006-03-01T20:45:30.000Z,      -82.753403,       172.82201
2006-03-01T20:46:30.000Z,      -82.753403,       172.82201
2006-03-01T20:47:30.000Z,      -82.753403,       172.82100
2006-03-01T20:48:30.000Z,      -82.753403,       172.82001
2006-03-01T20:49:30.000Z,      -82.753403,       172.82001
2006-03-01T20:50:30.000Z,      -82.753403,       172.81900
2006-03-01T20:51:30.000Z,      -82.753403,       172.81799
2006-03-01T20:52:30.000Z,      -82.753403,       172.81799
2006-03-01T20:53:30.000Z,      -82.753403,       172.81700
2006-03-01T20:54:30.000Z,      -82.753403,       172.81599
2006-03-01T20:55:30.000Z,      -82.753403,       172.81500
2006-03-01T20:56:30.000Z,      -82.753403,       172.81500
2006-03-01T20:57:30.000Z,      -82.753403,       172.81400
2006-03-01T20:58:30.000Z,      -82.753403,       172.81300
2006-03-01T20:59:30.000Z,      -82.753403,       172.81300
2006-03-01T21:00:30.000Z,      -82.753403,       172.81200
2006-03-01T21:01:30.000Z,      -82.753403,       172.81100
2006-03-01T21:02:30.000Z,      -82.753403,       172.81100
2006-03-01T21:03:30.000Z,      -82.753403,       172.81000
2006-03-01T21:04:30.000Z,      -82.753403,       172.80901
2006-03-01T21:05:30.000Z,      -82.753403,       172.80800
2006-03-01T21:06:30.000Z,      -82.753403,       172.80800
2006-03-01T21:07:30.000Z,      -82.753403,       172.80701
2006-03-01T21:08:30.000Z,      -82.753403,       172.80600
2006-03-01T21:09:30.000Z,      -82.753403,       172.80600
2006-03-01T21:10:30.000Z,      -82.753403,       172.80499
2006-03-01T21:11:30.000Z,      -82.753403,       172.80400
2006-03-01T21:12:30.000Z,      -82.753403,       172.80400
2006-03-01T21:13:30.000Z,      -82.753403,       172.80299
2006-03-01T21:14:30.000Z,      -82.753403,       172.80200
2006-03-01T21:15:30.000Z,      -82.753403,       172.80200
2006-03-01T21:16:30.000Z,      -82.753403,       172.80099
2006-03-01T21:17:30.000Z,      -82.753403,       172.80000
2006-03-01T21:18:30.000Z,      -82.753403,       172.79900
2006-03-01T21:19:30.000Z,      -82.753403,       172.79900
2006-03-01T21:20:30.000Z,      -82.753403,       172.79800
2006-03-01T21:21:30.000Z,      -82.753403,       172.79700
2006-03-01T21:22:30.000Z,      -82.753403,       172.79700
2006-03-01T21:23:30.000Z,      -82.753403,       172.79601
2006-03-01T21:24:30.000Z,      -82.753403,       172.79500
2006-03-01T21:25:30.000Z,      -82.753403,       172.79500
2006-03-01T21:26:30.000Z,      -82.753403,       172.79401
2006-03-01T21:27:30.000Z,      -82.753403,       172.79300
2006-03-01T21:28:30.000Z,      -82.753403,       172.79201
2006-03-01T21:29:30.000Z,      -82.753403,       172.79201
2006-03-01T21:30:30.000Z,      -82.753403,       172.79100
2006-03-01T21:31:30.000Z,      -82.753403,       172.78999
2006-03-01T21:32:30.000Z,      -82.753403,       172.78999
2006-03-01T21:33:30.000Z,      -82.753403,       172.78900
2006-03-01T21:34:30.000Z,      -82.753403,       172.78799
2006-03-01T21:35:30.000Z,      -82.753403,       172.78799
2006-03-01T21:36:30.000Z,      -82.753403,       172.78700
2006-03-01T21:37:30.000Z,      -82.753403,       172.78600
2006-03-01T21:38:30.000Z,      -82.753403,       172.78500
2006-03-01T21:39:30.000Z,      -82.753403,       172.78500
2006-03-01T21:40:30.000Z,      -82.753403,       172.78400
2006-03-01T21:41:30.000Z,      -82.753403,       172.78300
2006-03-01T21:42:30.000Z,      -82.753403,       172.78300
2006-03-01T21:43:30.000Z,      -82.753403,       172.78200
2006-03-01T21:44:30.000Z,      -82.753403,       172.78101
2006-03-01T21:45:30.000Z,      -82.753403,       172.78101
2006-03-01T21:46:30.000Z,      -82.753403,       172.78000
2006-03-01T21:47:30.000Z,      -82.753403,       172.77901
2006-03-01T21:48:30.000Z,      -82.753403,       172.77901
2006-03-01T21:49:30.000Z,      -82.753403,       172.77800
2006-03-01T21:50:30.000Z,      -82.753403,       172.77699
2006-03-01T21:51:30.000Z,      -82.753403,       172.77600
2006-03-01T21:52:30.000Z,      -82.753403,       172.77600
2006-03-01T21:53:30.000Z,      -82.753403,       172.77499
2006-03-01T21:54:30.000Z,      -82.753403,       172.77400
2006-03-01T21:55:30.000Z,      -82.753403,       172.77400
2006-03-01T21:56:30.000Z,      -82.753403,       172.77299
2006-03-01T21:57:30.000Z,      -82.753403,       172.77200
2006-03-01T21:58:30.000Z,      -82.753403,       172.77200
2006-03-01T21:59:30.000Z,      -82.753403,       172.77100
2006-03-01T22:00:30.000Z,      -82.753403,       172.77000
2006-03-01T22:01:30.000Z,      -82.753403,       172.76900
2006-03-01T22:02:30.000Z,      -82.753403,       172.76900
2006-03-01T22:03:30.000Z,      -82.753403,       172.76801
2006-03-01T22:04:30.000Z,      -82.753403,       172.76700
2006-03-01T22:05:30.000Z,      -82.753403,       172.76700
2006-03-01T22:06:30.000Z,      -82.753403,       172.76601
2006-03-01T22:07:30.000Z,      -82.753403,       172.76500
2006-03-01T22:08:30.000Z,      -82.753403,       172.76500
2006-03-01T22:09:30.000Z,      -82.753403,       172.76401
2006-03-01T22:10:30.000Z,      -82.753403,       172.76300
2006-03-01T22:11:30.000Z,      -82.753403,       172.76199
2006-03-01T22:12:30.000Z,      -82.753403,       172.76199
2006-03-01T22:13:30.000Z,      -82.753403,       172.76100
2006-03-01T22:14:30.000Z,      -82.753403,       172.75999
2006-03-01T22:15:30.000Z,      -82.753403,       172.75999
2006-03-01T22:16:30.000Z,      -82.753403,       172.75900
2006-03-01T22:17:30.000Z,      -82.753403,       172.75800
2006-03-01T22:18:30.000Z,      -82.753403,       172.75800
2006-03-01T22:19:30.000Z,      -82.753403,       172.75700
2006-03-01T22:20:30.000Z,      -82.753403,       172.75600
2006-03-01T22:21:30.000Z,      -82.753403,       172.75600
2006-03-01T22:22:30.000Z,      -82.753403,       172.75500
2006-03-01T22:23:30.000Z,      -82.753403,       172.75400
2006-03-01T22:24:30.000Z,      -82.753403,       172.75301
2006-03-01T22:25:30.000Z,      -82.753403,       172.75301
2006-03-01T22:26:30.000Z,      -82.753403,       172.75200
2006-03-01T22:27:30.000Z,      -82.753403,       172.75101
2006-03-01T22:28:30.000Z,      -82.753403,       172.75101
2006-03-01T22:29:30.000Z,      -82.753403,       172.75000
2006-03-01T22:30:30.000Z,      -82.753403,       172.74899
2006-03-01T22:31:30.000Z,      -82.753403,       172.74899
2006-03-01T22:32:30.000Z,      -82.753403,       172.74800
2006-03-01T22:33:30.000Z,      -82.753403,       172.74699
2006-03-01T22:34:30.000Z,      -82.753403,       172.74600
2006-03-01T22:35:30.000Z,      -82.753403,       172.74600
2006-03-01T22:36:30.000Z,      -82.753403,       172.74500
2006-03-01T22:37:30.000Z,      -82.753403,       172.74400
2006-03-01T22:38:30.000Z,      -82.753403,       172.74400
2006-03-01T22:39:30.000Z,      -82.753403,       172.74300
2006-03-01T22:40:30.000Z,      -82.753403,       172.74200
2006-03-01T22:41:30.000Z,      -82.753403,       172.74200
2006-03-01T22:42:30.000Z,      -82.753403,       172.74100
2006-03-01T22:43:30.000Z,      -82.753403,       172.74001
2006-03-01T22:44:30.000Z,      -82.753403,       172.73900
2006-03-01T22:45:30.000Z,      -82.753403,       172.73900
2006-03-01T22:46:30.000Z,      -82.753403,       172.73801
2006-03-01T22:47:30.000Z,      -82.753403,       172.73700
2006-03-01T22:48:30.000Z,      -82.753403,       172.73700
2006-03-01T22:49:30.000Z,      -82.753403,       172.73599
2006-03-01T22:50:30.000Z,      -82.753403,       172.73500
2006-03-01T22:51:30.000Z,      -82.753403,       172.73500
2006-03-01T22:52:30.000Z,      -82.753403,       172.73399
2006-03-01T22:53:30.000Z,      -82.753403,       172.73300
2006-03-01T22:54:30.000Z,      -82.753403,       172.73300
2006-03-01T22:55:30.000Z,      -82.753403,       172.73199
2006-03-01T22:56:30.000Z,      -82.753403,       172.73100
2006-03-01T22:57:30.000Z,      -82.753403,       172.73000
2006-03-01T22:58:30.000Z,      -82.753403,       172.73000
2006-03-01T22:59:30.000Z,      -82.753403,       172.72900
2006-03-01T23:00:30.000Z,      -82.753403,       172.72800
2006-03-01T23:01:30.000Z,      -82.753403,       172.72800
2006-03-01T23:02:30.000Z,      -82.753403,       172.72701
2006-03-01T23:03:30.000Z,      -82.753403,       172.72600
2006-03-01T23:04:30.000Z,      -82.753403,       172.72600
2006-03-01T23:05:30.000Z,      -82.753403,       172.72501
2006-03-01T23:06:30.000Z,      -82.753403,       172.72400
2006-03-01T23:07:30.000Z,      -82.753403,       172.72301
2006-03-01T23:08:30.000Z,      -82.753403,       172.72301
2006-03-01T23:09:30.000Z,      -82.753403,       172.72200
2006-03-01T23:10:30.000Z,      -82.753403,       172.72099
2006-03-01T23:11:30.000Z,      -82.753403,       172.72099
2006-03-01T23:12:30.000Z,      -82.753403,       172.72000
2006-03-01T23:13:30.000Z,      -82.753403,       172.71899
2006-03-01T23:14:30.000Z,      -82.753403,       172.71899
2006-03-01T23:15:30.000Z,      -82.753403,       172.71800
2006-03-01T23:16:30.000Z,      -82.753403,       172.71700
2006-03-01T23:17:30.000Z,      -82.753403,       172.71600
2006-03-01T23:18:30.000Z,      -82.753403,       172.71600
2006-03-01T23:19:30.000Z,      -82.753403,       172.71500
2006-03-01T23:20:30.000Z,      -82.753403,       172.71400
2006-03-01T23:21:30.000Z,      -82.753403,       172.71400
2006-03-01T23:22:30.000Z,      -82.753403,       172.71300
2006-03-01T23:23:30.000Z,      -82.753403,       172.71201
2006-03-01T23:24:30.000Z,      -82.753403,       172.71201
2006-03-01T23:25:30.000Z,      -82.753403,       172.71100
2006-03-01T23:26:30.000Z,      -82.753403,       172.71001
2006-03-01T23:27:30.000Z,      -82.753403,       172.71001
2006-03-01T23:28:30.000Z,      -82.753403,       172.70900
2006-03-01T23:29:30.000Z,      -82.753403,       172.70799
2006-03-01T23:30:30.000Z,      -82.753403,       172.70700
2006-03-01T23:31:30.000Z,      -82.753403,       172.70700
2006-03-01T23:32:30.000Z,      -82.753403,       172.70599
2006-03-01T23:33:30.000Z,      -82.753403,       172.70500
2006-03-01T23:34:30.000Z,      -82.753403,       172.70500
2006-03-01T23:35:30.000Z,      -82.753403,       172.70399
2006-03-01T23:36:30.000Z,      -82.753403,       172.70300
2006-03-01T23:37:30.000Z,      -82.753403,       172.70300
2006-03-01T23:38:30.000Z,      -82.753403,       172.70200
2006-03-01T23:39:30.000Z,      -82.753403,       172.70100
2006-03-01T23:40:30.000Z,      -82.753403,       172.70000
2006-03-01T23:41:30.000Z,      -82.753403,       172.70000
2006-03-01T23:42:30.000Z,      -82.753403,       172.69901
2006-03-01T23:43:30.000Z,      -82.753403,       172.69800
2006-03-01T23:44:30.000Z,      -82.753403,       172.69800
2006-03-01T23:45:30.000Z,      -82.753403,       172.69701
2006-03-01T23:46:30.000Z,      -82.753403,       172.69600
2006-03-01T23:47:30.000Z,      -82.753403,       172.69600
2006-03-01T23:48:30.000Z,      -82.753403,       172.69501
2006-03-01T23:49:30.000Z,      -82.753403,       172.69400
2006-03-01T23:50:30.000Z,      -82.753403,       172.69299
2006-03-01T23:51:30.000Z,      -82.753403,       172.69299
2006-03-01T23:52:30.000Z,      -82.753403,       172.69200
2006-03-01T23:53:30.000Z,      -82.753403,       172.69099
2006-03-01T23:54:30.000Z,      -82.753403,       172.69099
2006-03-01T23:55:30.000Z,      -82.753403,       172.69000
2006-03-01T23:56:30.000Z,      -82.753403,       172.68900
2006-03-01T23:57:30.000Z,      -82.753403,       172.68900
2006-03-01T23:58:30.000Z,      -82.753403,       172.68800
2006-03-01T23:59:30.000Z,      -82.753403,       172.68700